CPU 105 his02,User%,Sys%,Wait%,Idle%,Steal%
2025-01-20 08:00:02,0.0,0.6,0.0,99.4,0.0
2025-01-20 08:00:32,0.0,0.1,0.0,99.9,0.0
2025-01-20 08:01:02,0.0,0.0,0.0,100.0,0.0
2025-01-20 08:01:32,0.0,0.1,0.0,99.9,0.0
2025-01-20 08:02:02,0.1,0.4,0.0,99.5,0.0
2025-01-20 08:02:33,0.0,0.1,0.0,99.8,0.0
2025-01-20 08:03:03,0.0,0.0,0.0,100.0,0.0
2025-01-20 08:03:33,0.0,0.1,0.0,99.9,0.0
2025-01-20 08:04:03,0.0,0.1,0.0,99.9,0.0
2025-01-20 08:04:33,0.0,0.0,0.0,100.0,0.0
2025-01-20 08:05:03,0.0,0.0,0.0,100.0,0.0
2025-01-20 08:05:33,0.0,0.0,0.0,100.0,0.0
2025-01-20 08:06:03,0.0,0.0,0.0,99.9,0.0
2025-01-20 08:06:33,0.0,0.0,0.0,100.0,0.0
2025-01-20 08:07:03,0.0,0.1,0.0,99.9,0.0
2025-01-20 08:07:33,0.0,0.0,0.0,100.0,0.0
2025-01-20 08:08:03,0.1,0.2,0.0,99.7,0.0
2025-01-20 08:08:33,0.0,0.1,0.0,99.9,0.0
2025-01-20 08:09:03,0.0,0.0,0.0,100.0,0.0
2025-01-20 08:09:33,0.0,0.0,0.0,100.0,0.0
2025-01-20 08:10:03,0.0,0.0,0.0,100.0,0.0
2025-01-20 08:10:33,0.0,0.1,0.0,99.9,0.0
2025-01-20 08:11:03,0.0,0.1,0.0,99.9,0.0
2025-01-20 08:11:33,0.0,0.0,0.0,100.0,0.0
2025-01-20 08:12:03,0.0,0.1,0.0,99.9,0.0
2025-01-20 08:12:33,0.0,0.0,0.0,100.0,0.0
2025-01-20 08:13:03,0.0,0.0,0.0,100.0,0.0
2025-01-20 08:13:33,0.0,0.0,0.0,99.9,0.0
2025-01-20 08:14:03,0.1,0.1,0.0,99.9,0.0
2025-01-20 08:14:33,0.0,0.1,0.0,99.9,0.0
2025-01-20 08:15:03,0.3,0.0,0.2,99.4,0.0
2025-01-20 08:15:33,0.0,0.0,0.0,99.9,0.0
2025-01-20 08:16:03,0.0,0.1,0.0,99.8,0.0
2025-01-20 08:16:33,0.0,0.0,0.0,100.0,0.0
2025-01-20 08:17:03,0.0,0.1,0.0,99.9,0.0
2025-01-20 08:17:33,0.0,0.1,0.0,99.9,0.0
2025-01-20 08:18:03,0.0,0.0,0.0,100.0,0.0
2025-01-20 08:18:33,0.0,0.0,0.0,99.9,0.0
2025-01-20 08:19:03,0.0,0.1,0.0,99.9,0.0
2025-01-20 08:19:33,0.0,0.1,0.0,99.9,0.0
2025-01-20 08:20:03,0.0,0.2,0.0,99.8,0.0
2025-01-20 08:20:33,0.0,0.0,0.0,100.0,0.0
2025-01-20 08:21:03,0.0,0.1,0.0,99.9,0.0
2025-01-20 08:21:33,0.0,0.0,0.0,100.0,0.0
2025-01-20 08:22:03,0.8,0.4,0.0,98.8,0.0
2025-01-20 08:22:33,0.0,0.0,0.0,99.9,0.0
2025-01-20 08:23:03,0.0,0.0,0.0,100.0,0.0
2025-01-20 08:23:33,0.2,0.3,0.0,99.5,0.0
2025-01-20 08:24:03,0.0,0.1,0.0,99.9,0.0
2025-01-20 08:24:33,0.0,0.0,0.0,100.0,0.0
2025-01-20 08:25:03,0.0,0.1,0.0,99.9,0.0
2025-01-20 08:25:33,0.0,0.1,0.0,99.9,0.0
2025-01-20 08:26:03,0.0,0.1,0.0,99.8,0.0
2025-01-20 08:26:33,0.1,0.3,0.0,99.7,0.0
2025-01-20 08:27:03,0.0,0.2,0.0,99.8,0.0
2025-01-20 08:27:33,0.0,0.0,0.0,100.0,0.0
2025-01-20 08:28:03,0.0,0.3,0.0,99.7,0.0
2025-01-20 08:28:33,0.1,0.1,0.0,99.8,0.0
2025-01-20 08:29:03,0.0,0.0,0.0,100.0,0.0
2025-01-20 08:29:33,0.0,0.0,0.0,100.0,0.0
2025-01-20 08:30:03,0.0,0.0,0.0,100.0,0.0
2025-01-20 08:30:33,0.0,0.0,0.0,100.0,0.0
2025-01-20 08:31:03,0.0,0.4,0.0,99.6,0.0
2025-01-20 08:31:33,0.0,0.0,0.0,100.0,0.0
2025-01-20 08:32:02,0.1,0.3,0.0,99.6,0.0
2025-01-20 08:32:32,0.2,0.1,0.0,99.8,0.0
2025-01-20 08:33:02,0.0,0.0,0.0,100.0,0.0
2025-01-20 08:33:33,0.0,0.0,0.0,100.0,0.0
2025-01-20 08:34:03,0.1,0.3,0.0,99.6,0.0
2025-01-20 08:34:33,0.0,0.1,0.0,99.9,0.0
2025-01-20 08:35:03,0.0,0.0,0.0,100.0,0.0
2025-01-20 08:35:33,0.0,0.0,0.0,100.0,0.0
2025-01-20 08:36:03,0.1,0.3,0.0,99.6,0.0
2025-01-20 08:36:33,0.0,0.0,0.0,100.0,0.0
2025-01-20 08:37:03,0.0,0.1,0.0,99.9,0.0
2025-01-20 08:37:33,0.0,0.0,0.0,100.0,0.0
2025-01-20 08:38:03,0.1,0.1,0.0,99.9,0.0
2025-01-20 08:38:33,0.0,0.3,0.0,99.7,0.0
2025-01-20 08:39:03,0.0,0.1,0.0,99.9,0.0
2025-01-20 08:39:33,0.0,0.0,0.0,100.0,0.0
2025-01-20 08:40:03,0.0,0.2,0.0,99.7,0.0
2025-01-20 08:40:33,0.0,0.0,0.0,100.0,0.0
2025-01-20 08:41:03,0.0,0.0,0.0,99.9,0.0
2025-01-20 08:41:33,0.0,0.0,0.0,100.0,0.0
2025-01-20 08:42:03,0.0,0.0,0.0,100.0,0.0
2025-01-20 08:42:33,0.0,0.0,0.0,100.0,0.0
2025-01-20 08:43:03,0.0,0.0,0.0,100.0,0.0
2025-01-20 08:43:33,0.0,0.0,0.0,100.0,0.0
2025-01-20 08:44:03,0.1,0.1,0.0,99.9,0.0
2025-01-20 08:44:33,0.1,0.3,0.0,99.6,0.0
2025-01-20 08:45:03,0.1,0.3,0.0,99.6,0.0
2025-01-20 08:45:33,0.0,0.1,0.0,99.9,0.0
2025-01-20 08:46:03,0.0,0.1,0.0,99.9,0.0
2025-01-20 08:46:33,0.0,0.0,0.0,100.0,0.0
2025-01-20 08:47:03,0.1,0.1,0.0,99.8,0.0
2025-01-20 08:47:33,0.1,0.2,0.0,99.7,0.0
2025-01-20 08:48:03,0.0,0.1,0.0,99.9,0.0
2025-01-20 08:48:33,0.1,0.3,0.0,99.6,0.0
2025-01-20 08:49:03,0.0,0.1,0.0,99.9,0.0
2025-01-20 08:49:33,0.0,0.0,0.0,99.9,0.0
2025-01-20 08:50:03,0.0,0.1,0.0,99.9,0.0
2025-01-20 08:50:33,0.0,0.0,0.0,99.9,0.0
2025-01-20 08:51:03,0.0,0.0,0.0,99.9,0.0
2025-01-20 08:51:33,0.0,0.0,0.0,100.0,0.0
2025-01-20 08:52:03,0.0,0.1,0.0,99.9,0.0
2025-01-20 08:52:33,0.1,0.1,0.0,99.9,0.0
2025-01-20 08:53:03,0.0,0.2,0.0,99.8,0.0
2025-01-20 08:53:33,0.1,0.3,0.0,99.6,0.0
2025-01-20 08:54:03,0.0,0.0,0.0,100.0,0.0
2025-01-20 08:54:33,0.0,0.0,0.0,100.0,0.0
2025-01-20 08:55:03,0.0,0.0,0.0,100.0,0.0
2025-01-20 08:55:33,0.0,0.0,0.0,100.0,0.0
2025-01-20 08:56:03,0.0,0.1,0.0,99.9,0.0
2025-01-20 08:56:33,0.0,0.0,0.0,99.9,0.0
2025-01-20 08:57:03,1.0,0.1,0.0,98.9,0.0
2025-01-20 08:57:33,0.0,0.0,0.0,100.0,0.0
2025-01-20 08:58:03,0.1,0.3,0.0,99.7,0.0
2025-01-20 08:58:33,0.0,0.1,0.0,99.9,0.0
2025-01-20 08:59:03,0.1,0.3,0.0,99.6,0.0
2025-01-20 08:59:33,0.0,0.0,0.0,100.0,0.0
2025-01-20 09:00:03,0.1,0.1,0.0,99.8,0.0
2025-01-20 09:00:33,0.1,0.4,0.0,99.5,0.0
2025-01-20 09:01:03,0.0,0.4,0.0,99.6,0.0
2025-01-20 09:01:33,0.0,0.0,0.0,99.9,0.0
2025-01-20 09:02:03,0.0,0.1,0.0,99.9,0.0
2025-01-20 09:02:33,0.0,0.0,0.0,100.0,0.0
2025-01-20 09:03:03,0.0,0.0,0.0,99.9,0.0
2025-01-20 09:03:33,0.0,0.1,0.0,99.9,0.0
2025-01-20 09:04:03,0.1,0.3,0.0,99.7,0.0
2025-01-20 09:04:32,0.0,0.2,0.0,99.8,0.0
2025-01-20 09:05:02,0.0,0.2,0.0,99.8,0.0
2025-01-20 09:05:33,0.0,0.0,0.0,100.0,0.0
2025-01-20 09:06:03,0.0,0.2,0.0,99.8,0.0
2025-01-20 09:06:33,0.1,0.3,0.0,99.6,0.0
2025-01-20 09:07:03,0.0,0.1,0.0,99.9,0.0
2025-01-20 09:07:33,0.0,0.0,0.0,100.0,0.0
2025-01-20 09:08:03,0.1,0.1,0.0,99.8,0.0
2025-01-20 09:08:33,0.0,0.0,0.0,99.9,0.0
2025-01-20 09:09:03,0.0,0.0,0.0,100.0,0.0
2025-01-20 09:09:33,0.0,0.0,0.0,100.0,0.0
2025-01-20 09:10:03,0.0,0.0,0.0,100.0,0.0
2025-01-20 09:10:33,0.0,0.1,0.0,99.9,0.0
2025-01-20 09:11:03,0.0,0.2,0.0,99.8,0.0
2025-01-20 09:11:33,0.1,0.1,0.0,99.9,0.0
2025-01-20 09:12:03,0.0,0.1,0.0,99.9,0.0
2025-01-20 09:12:33,0.0,0.1,0.0,99.9,0.0
2025-01-20 09:13:03,0.0,0.1,0.0,99.9,0.0
2025-01-20 09:13:33,0.0,0.0,0.0,100.0,0.0
2025-01-20 09:14:03,0.0,0.0,0.0,100.0,0.0
2025-01-20 09:14:33,0.1,0.3,0.0,99.7,0.0
2025-01-20 09:15:03,0.1,0.1,0.0,99.8,0.0
2025-01-20 09:15:33,0.0,0.0,0.0,100.0,0.0
2025-01-20 09:16:03,0.1,0.3,0.0,99.7,0.0
2025-01-20 09:16:33,0.0,0.0,0.0,100.0,0.0
2025-01-20 09:17:03,0.0,0.1,0.0,99.9,0.0
2025-01-20 09:17:33,0.0,0.1,0.0,99.8,0.0
2025-01-20 09:18:03,0.0,0.1,0.0,99.9,0.0
2025-01-20 09:18:33,0.0,0.1,0.0,99.9,0.0
2025-01-20 09:19:03,0.0,0.1,0.0,99.9,0.0
2025-01-20 09:19:33,0.0,0.0,0.0,100.0,0.0
2025-01-20 09:20:03,0.0,0.1,0.0,99.9,0.0
2025-01-20 09:20:33,0.0,0.1,0.0,99.9,0.0
2025-01-20 09:21:03,0.0,0.0,0.0,100.0,0.0
2025-01-20 09:21:33,0.0,0.1,0.0,99.9,0.0
2025-01-20 09:22:03,0.0,0.0,0.0,100.0,0.0
2025-01-20 09:22:33,0.0,0.1,0.0,99.9,0.0
2025-01-20 09:23:03,0.0,0.2,0.0,99.8,0.0
2025-01-20 09:23:33,0.0,0.0,0.0,100.0,0.0
2025-01-20 09:24:03,0.0,0.0,0.0,100.0,0.0
2025-01-20 09:24:33,0.0,0.0,0.0,100.0,0.0
2025-01-20 09:25:03,0.0,0.0,0.0,100.0,0.0
2025-01-20 09:25:33,0.0,0.0,0.0,100.0,0.0
2025-01-20 09:26:03,0.0,0.0,0.0,100.0,0.0
2025-01-20 09:26:33,0.0,0.3,0.0,99.7,0.0
2025-01-20 09:27:03,0.0,0.1,0.0,99.9,0.0
2025-01-20 09:27:33,0.0,0.1,0.0,99.9,0.0
2025-01-20 09:28:03,0.0,0.0,0.0,99.9,0.0
2025-01-20 09:28:33,0.0,0.1,0.0,99.9,0.0
2025-01-20 09:29:03,0.0,0.2,0.0,99.8,0.0
2025-01-20 09:29:33,0.0,0.0,0.0,100.0,0.0
2025-01-20 09:30:03,0.0,0.0,0.0,100.0,0.0
2025-01-20 09:30:33,0.0,0.2,0.0,99.8,0.0
2025-01-20 09:31:03,0.0,0.0,0.0,100.0,0.0
2025-01-20 09:31:33,0.0,0.1,0.0,99.9,0.0
2025-01-20 09:32:03,0.0,0.1,0.0,99.9,0.0
2025-01-20 09:32:33,0.0,0.0,0.0,100.0,0.0
2025-01-20 09:33:03,0.0,0.0,0.0,100.0,0.0
2025-01-20 09:33:33,0.0,0.1,0.0,99.9,0.0
2025-01-20 09:34:03,0.0,0.1,0.0,99.9,0.0
2025-01-20 09:34:33,0.0,0.3,0.0,99.7,0.0
2025-01-20 09:35:03,0.0,0.0,0.0,99.9,0.0
2025-01-20 09:35:33,0.0,0.0,0.0,100.0,0.0
2025-01-20 09:36:02,0.1,0.3,0.0,99.7,0.0
2025-01-20 09:36:33,0.0,0.0,0.0,100.0,0.0
2025-01-20 09:37:03,0.1,0.2,0.0,99.8,0.0
2025-01-20 09:37:33,0.0,0.1,0.0,99.9,0.0
2025-01-20 09:38:03,0.0,0.1,0.0,99.9,0.0
2025-01-20 09:38:33,0.2,0.6,0.0,99.3,0.0
2025-01-20 09:39:03,0.0,0.1,0.0,99.9,0.0
2025-01-20 09:39:33,0.0,0.0,0.0,100.0,0.0
2025-01-20 09:40:03,0.0,0.1,0.0,99.9,0.0
2025-01-20 09:40:33,0.0,0.0,0.0,100.0,0.0
2025-01-20 09:41:03,0.2,0.4,0.0,99.4,0.0
2025-01-20 09:41:33,0.0,0.0,0.0,99.9,0.0
2025-01-20 09:42:03,0.1,0.2,0.0,99.8,0.0
2025-01-20 09:42:33,0.1,0.3,0.0,99.7,0.0
2025-01-20 09:43:03,0.0,0.0,0.0,100.0,0.0
2025-01-20 09:43:33,0.0,0.1,0.0,99.9,0.0
2025-01-20 09:44:03,0.0,0.0,0.0,100.0,0.0
2025-01-20 09:44:33,0.0,0.0,0.0,100.0,0.0
2025-01-20 09:45:03,0.0,0.1,0.0,99.9,0.0
2025-01-20 09:45:33,0.0,0.1,0.0,99.9,0.0
2025-01-20 09:46:03,0.2,0.6,0.0,99.2,0.0
2025-01-20 09:46:33,0.0,0.1,0.0,99.9,0.0
2025-01-20 09:47:03,0.0,0.3,0.0,99.6,0.0
2025-01-20 09:47:33,0.0,0.0,0.0,100.0,0.0
2025-01-20 09:48:03,0.1,0.5,0.0,99.5,0.0
2025-01-20 09:48:33,0.0,0.1,0.0,99.9,0.0
2025-01-20 09:49:03,0.0,0.0,0.0,100.0,0.0
2025-01-20 09:49:33,0.1,0.3,0.0,99.6,0.0
2025-01-20 09:50:03,0.0,0.0,0.0,100.0,0.0
2025-01-20 09:50:33,0.0,0.0,0.0,100.0,0.0
2025-01-20 09:51:03,0.0,0.1,0.0,99.9,0.0
2025-01-20 09:51:33,0.0,0.0,0.0,100.0,0.0
2025-01-20 09:52:03,1.0,0.5,0.0,98.5,0.0
2025-01-20 09:52:33,0.0,0.0,0.0,100.0,0.0
2025-01-20 09:53:03,0.1,0.2,0.0,99.7,0.0
2025-01-20 09:53:33,0.0,0.2,0.0,99.8,0.0
2025-01-20 09:54:03,0.0,0.1,0.0,99.9,0.0
2025-01-20 09:54:33,0.0,0.1,0.0,99.9,0.0
2025-01-20 09:55:03,0.0,0.0,0.0,100.0,0.0
2025-01-20 09:55:33,0.1,0.3,0.0,99.7,0.0
2025-01-20 09:56:03,0.1,0.6,0.0,99.3,0.0
2025-01-20 09:56:33,0.0,0.0,0.0,99.9,0.0
2025-01-20 09:57:03,0.0,0.0,0.0,99.9,0.0
2025-01-20 09:57:33,0.0,0.0,0.0,100.0,0.0
2025-01-20 09:58:03,0.0,0.1,0.0,99.9,0.0
2025-01-20 09:58:33,0.1,0.1,0.1,99.8,0.0
2025-01-20 09:59:03,0.0,0.1,0.0,99.9,0.0
2025-01-20 09:59:33,0.0,0.2,0.0,99.7,0.0
2025-01-20 10:00:03,0.0,0.0,0.0,100.0,0.0
2025-01-20 10:00:33,0.3,0.3,0.2,99.3,0.0
2025-01-20 10:01:03,0.0,0.1,0.0,99.9,0.0
2025-01-20 10:01:33,0.0,0.0,0.0,100.0,0.0
2025-01-20 10:02:03,0.0,0.1,0.0,99.9,0.0
2025-01-20 10:02:33,0.0,0.0,0.0,100.0,0.0
2025-01-20 10:03:03,0.0,0.0,0.0,100.0,0.0
2025-01-20 10:03:33,0.1,0.1,0.0,99.9,0.0
2025-01-20 10:04:03,0.0,0.0,0.0,100.0,0.0
2025-01-20 10:04:33,0.0,0.0,0.0,100.0,0.0
2025-01-20 10:05:03,0.0,0.0,0.0,100.0,0.0
2025-01-20 10:05:33,0.1,0.3,0.0,99.6,0.0
2025-01-20 10:06:03,0.0,0.0,0.0,100.0,0.0
2025-01-20 10:06:33,0.0,0.1,0.0,99.9,0.0
2025-01-20 10:07:02,0.0,0.3,0.0,99.7,0.0
2025-01-20 10:07:33,0.1,0.1,0.0,99.8,0.0
2025-01-20 10:08:03,0.2,0.3,0.0,99.5,0.0
2025-01-20 10:08:33,0.0,0.0,0.0,100.0,0.0
2025-01-20 10:09:03,0.0,0.1,0.0,99.9,0.0
2025-01-20 10:09:33,0.0,0.0,0.0,100.0,0.0
2025-01-20 10:10:03,0.0,0.0,0.0,100.0,0.0
2025-01-20 10:10:33,0.1,0.2,0.0,99.8,0.0
2025-01-20 10:11:03,0.1,0.1,0.0,99.8,0.0
2025-01-20 10:11:33,0.0,0.1,0.0,99.9,0.0
2025-01-20 10:12:03,0.1,0.3,0.0,99.7,0.0
2025-01-20 10:12:33,0.1,0.3,0.0,99.6,0.0
2025-01-20 10:13:03,0.0,0.0,0.0,100.0,0.0
2025-01-20 10:13:33,0.0,0.0,0.0,100.0,0.0
2025-01-20 10:14:03,0.0,0.1,0.0,99.9,0.0
2025-01-20 10:14:33,0.0,0.0,0.0,100.0,0.0
2025-01-20 10:15:03,0.1,0.1,0.0,99.8,0.0
2025-01-20 10:15:33,0.0,0.1,0.0,99.9,0.0
2025-01-20 10:16:03,0.0,0.0,0.0,99.9,0.0
2025-01-20 10:16:33,0.0,0.0,0.1,99.9,0.0
2025-01-20 10:17:03,0.1,0.2,0.0,99.8,0.0
2025-01-20 10:17:33,0.1,0.3,0.0,99.6,0.0
2025-01-20 10:18:03,0.1,0.3,0.0,99.6,0.0
2025-01-20 10:18:33,0.0,0.0,0.0,100.0,0.0
2025-01-20 10:19:03,0.0,0.1,0.0,99.9,0.0
2025-01-20 10:19:33,0.2,0.1,0.1,99.6,0.0
2025-01-20 10:20:03,0.0,0.1,0.0,99.9,0.0
2025-01-20 10:20:33,0.0,0.0,0.0,100.0,0.0
2025-01-20 10:21:03,0.0,0.0,0.0,100.0,0.0
2025-01-20 10:21:33,0.1,0.1,0.0,99.9,0.0
2025-01-20 10:22:03,0.1,0.1,0.0,99.8,0.0
2025-01-20 10:22:33,0.0,0.1,0.0,99.9,0.0
2025-01-20 10:23:03,0.0,0.1,0.0,99.9,0.0
2025-01-20 10:23:33,0.0,0.0,0.0,100.0,0.0
2025-01-20 10:24:03,0.1,0.1,0.0,99.9,0.0
2025-01-20 10:24:33,0.0,0.0,0.0,100.0,0.0
2025-01-20 10:25:03,0.0,0.0,0.0,99.9,0.0
2025-01-20 10:25:33,0.0,0.1,0.0,99.9,0.0
2025-01-20 10:26:03,0.0,0.1,0.0,99.9,0.0
2025-01-20 10:26:33,0.1,0.3,0.0,99.6,0.0
2025-01-20 10:27:03,0.0,0.1,0.0,99.9,0.0
2025-01-20 10:27:33,0.0,0.1,0.0,99.9,0.0
2025-01-20 10:28:03,0.0,0.0,0.0,100.0,0.0
2025-01-20 10:28:33,0.0,0.1,0.0,99.9,0.0
2025-01-20 10:29:03,0.0,0.1,0.0,99.9,0.0
2025-01-20 10:29:33,0.0,0.0,0.0,100.0,0.0
2025-01-20 10:30:03,0.1,0.1,0.0,99.8,0.0
2025-01-20 10:30:33,0.1,0.2,0.0,99.6,0.0
2025-01-20 10:31:03,0.0,0.0,0.0,100.0,0.0
2025-01-20 10:31:33,0.0,0.0,0.0,100.0,0.0
2025-01-20 10:32:03,0.0,0.1,0.0,99.9,0.0
2025-01-20 10:32:33,0.0,0.1,0.0,99.9,0.0
2025-01-20 10:33:03,0.0,0.0,0.0,100.0,0.0
2025-01-20 10:33:33,0.0,0.0,0.0,99.9,0.0
2025-01-20 10:34:03,0.0,0.0,0.0,100.0,0.0
2025-01-20 10:34:33,0.0,0.0,0.0,100.0,0.0
2025-01-20 10:35:03,0.1,0.1,0.0,99.9,0.0
2025-01-20 10:35:33,0.0,0.0,0.0,100.0,0.0
2025-01-20 10:36:03,0.0,0.1,0.0,99.9,0.0
2025-01-20 10:36:33,0.0,0.0,0.0,100.0,0.0
2025-01-20 10:37:03,0.0,0.1,0.0,99.9,0.0
2025-01-20 10:37:33,0.0,0.2,0.0,99.7,0.0
2025-01-20 10:38:03,0.0,0.0,0.0,99.9,0.0
2025-01-20 10:38:33,0.0,0.0,0.0,100.0,0.0
2025-01-20 10:39:03,0.1,0.1,0.0,99.8,0.0
2025-01-20 10:39:33,0.0,0.0,0.0,100.0,0.0
2025-01-20 10:40:03,0.0,0.1,0.0,99.9,0.0
2025-01-20 10:40:33,0.0,0.0,0.0,100.0,0.0
2025-01-20 10:41:03,0.0,0.0,0.0,99.9,0.0
2025-01-20 10:41:33,0.0,0.0,0.0,100.0,0.0
2025-01-20 10:42:03,0.0,0.0,0.0,100.0,0.0
2025-01-20 10:42:33,0.0,0.1,0.0,99.9,0.0
2025-01-20 10:43:03,0.0,0.1,0.0,99.9,0.0
2025-01-20 10:43:33,0.0,0.1,0.0,99.9,0.0
2025-01-20 10:44:03,0.0,0.0,0.0,100.0,0.0
2025-01-20 10:44:33,0.0,0.0,0.0,99.9,0.0
2025-01-20 10:45:03,0.1,0.1,0.0,99.8,0.0
2025-01-20 10:45:33,0.0,0.0,0.0,100.0,0.0
2025-01-20 10:46:03,0.0,0.1,0.0,99.9,0.0
2025-01-20 10:46:33,0.0,0.0,0.0,100.0,0.0
2025-01-20 10:47:03,0.0,0.1,0.0,99.9,0.0
2025-01-20 10:47:33,0.0,0.3,0.0,99.7,0.0
2025-01-20 10:48:03,0.1,0.2,0.0,99.7,0.0
2025-01-20 10:48:33,0.0,0.1,0.0,99.9,0.0
2025-01-20 10:49:03,0.1,0.1,0.0,99.9,0.0
2025-01-20 10:49:33,0.0,0.0,0.0,100.0,0.0
2025-01-20 10:50:03,0.0,0.1,0.0,99.9,0.0
2025-01-20 10:50:33,0.0,0.1,0.0,99.9,0.0
2025-01-20 10:51:03,0.0,0.0,0.0,100.0,0.0
2025-01-20 10:51:33,0.0,0.1,0.0,99.9,0.0
2025-01-20 10:52:03,0.1,0.5,0.0,99.4,0.0
2025-01-20 10:52:33,0.1,0.3,0.0,99.6,0.0
2025-01-20 10:53:03,0.1,0.4,0.0,99.5,0.0
2025-01-20 10:53:33,0.0,0.1,0.0,99.9,0.0
2025-01-20 10:54:03,0.0,0.1,0.0,99.9,0.0
2025-01-20 10:54:33,0.1,0.5,0.0,99.4,0.0
2025-01-20 10:55:03,0.1,0.3,0.0,99.6,0.0
2025-01-20 10:55:33,0.0,0.0,0.0,100.0,0.0
2025-01-20 10:56:03,0.0,0.1,0.0,99.9,0.0
2025-01-20 10:56:33,0.1,0.1,0.0,99.8,0.0
2025-01-20 10:57:03,0.0,0.0,0.0,100.0,0.0
2025-01-20 10:57:33,0.0,0.1,0.0,99.9,0.0
2025-01-20 10:58:03,0.0,0.0,0.0,100.0,0.0
2025-01-20 10:58:33,0.0,0.0,0.0,100.0,0.0
2025-01-20 10:59:03,0.0,0.1,0.0,99.9,0.0
2025-01-20 10:59:33,0.0,0.0,0.0,100.0,0.0
2025-01-20 11:00:03,0.1,0.1,0.0,99.8,0.0
2025-01-20 11:00:33,0.0,0.0,0.0,100.0,0.0
2025-01-20 11:01:03,0.0,0.0,0.0,99.9,0.0
2025-01-20 11:01:33,0.2,0.6,0.0,99.3,0.0
2025-01-20 11:02:03,0.1,0.1,0.0,99.8,0.0
2025-01-20 11:02:33,0.0,0.1,0.0,99.9,0.0
2025-01-20 11:03:03,0.0,0.0,0.0,100.0,0.0
2025-01-20 11:03:33,0.0,0.0,0.0,100.0,0.0
2025-01-20 11:04:03,2.1,0.1,0.0,97.9,0.0
2025-01-20 11:04:33,0.0,0.0,0.0,100.0,0.0
2025-01-20 11:05:03,0.0,0.1,0.0,99.9,0.0
2025-01-20 11:05:33,0.0,0.1,0.0,99.9,0.0
2025-01-20 11:06:03,0.0,0.0,0.0,99.9,0.0
2025-01-20 11:06:33,0.0,0.0,0.0,100.0,0.0
2025-01-20 11:07:03,0.0,0.1,0.0,99.9,0.0
2025-01-20 11:07:33,0.0,0.0,0.0,100.0,0.0
2025-01-20 11:08:03,0.0,0.1,0.0,99.9,0.0
2025-01-20 11:08:33,0.0,0.0,0.0,100.0,0.0
2025-01-20 11:09:03,0.0,0.0,0.0,100.0,0.0
2025-01-20 11:09:33,0.0,0.0,0.0,100.0,0.0
2025-01-20 11:10:04,0.0,0.1,0.0,99.9,0.0
2025-01-20 11:10:33,0.0,0.0,0.0,100.0,0.0
2025-01-20 11:11:03,0.4,0.1,0.2,99.3,0.0
2025-01-20 11:11:33,0.0,0.0,0.0,100.0,0.0
2025-01-20 11:12:03,0.0,0.0,0.0,100.0,0.0
2025-01-20 11:12:33,0.0,0.0,0.0,100.0,0.0
2025-01-20 11:13:03,0.1,0.2,0.0,99.7,0.0
2025-01-20 11:13:33,0.0,0.0,0.0,100.0,0.0
2025-01-20 11:14:03,0.0,0.1,0.0,99.9,0.0
2025-01-20 11:14:33,0.0,0.0,0.0,100.0,0.0
2025-01-20 11:15:03,0.0,0.0,0.0,100.0,0.0
2025-01-20 11:15:33,0.0,0.0,0.0,100.0,0.0
2025-01-20 11:16:03,0.0,0.1,0.0,99.9,0.0
2025-01-20 11:16:33,0.0,0.2,0.0,99.7,0.0
2025-01-20 11:17:03,0.0,0.3,0.0,99.7,0.0
2025-01-20 11:17:33,0.1,0.5,0.0,99.4,0.0
2025-01-20 11:18:03,0.2,0.3,0.0,99.5,0.0
2025-01-20 11:18:33,0.0,0.0,0.0,100.0,0.0
2025-01-20 11:19:03,0.1,0.6,0.0,99.3,0.0
2025-01-20 11:19:33,0.1,0.3,0.0,99.7,0.0
2025-01-20 11:20:03,0.0,0.1,0.0,99.9,0.0
2025-01-20 11:20:33,0.0,0.1,0.0,99.9,0.0
2025-01-20 11:21:03,0.0,0.2,0.0,99.7,0.0
2025-01-20 11:21:33,0.0,0.0,0.0,99.9,0.0
2025-01-20 11:22:03,0.7,0.1,0.0,99.2,0.0
2025-01-20 11:22:33,0.0,0.1,0.0,99.9,0.0
2025-01-20 11:23:03,0.0,0.1,0.0,99.9,0.0
2025-01-20 11:23:33,0.0,0.2,0.0,99.8,0.0
2025-01-20 11:24:03,0.0,0.0,0.0,100.0,0.0
2025-01-20 11:24:33,0.0,0.0,0.0,100.0,0.0
2025-01-20 11:25:03,0.0,0.0,0.0,100.0,0.0
2025-01-20 11:25:33,0.0,0.0,0.0,100.0,0.0
2025-01-20 11:26:03,0.0,0.1,0.0,99.9,0.0
2025-01-20 11:26:33,0.0,0.0,0.0,100.0,0.0
2025-01-20 11:27:03,0.0,0.2,0.0,99.8,0.0
2025-01-20 11:27:33,0.0,0.0,0.0,100.0,0.0
2025-01-20 11:28:03,0.0,0.1,0.0,99.9,0.0
2025-01-20 11:28:33,0.0,0.0,0.0,100.0,0.0
2025-01-20 11:29:03,0.0,0.1,0.0,99.9,0.0
2025-01-20 11:29:33,0.0,0.0,0.0,100.0,0.0
2025-01-20 11:30:03,0.0,0.0,0.0,99.9,0.0
2025-01-20 11:30:33,0.1,0.0,0.0,99.9,0.0
2025-01-20 11:31:03,0.0,0.0,0.0,100.0,0.0
2025-01-20 11:31:33,0.0,0.0,0.0,100.0,0.0
2025-01-20 11:32:03,0.0,0.1,0.0,99.8,0.0
2025-01-20 11:32:33,0.0,0.2,0.0,99.8,0.0
2025-01-20 11:33:03,0.1,0.3,0.0,99.7,0.0
2025-01-20 11:33:33,0.0,0.0,0.0,100.0,0.0
2025-01-20 11:34:03,0.0,0.1,0.0,99.9,0.0
2025-01-20 11:34:33,0.0,0.0,0.0,100.0,0.0
2025-01-20 11:35:03,0.0,0.1,0.0,99.9,0.0
2025-01-20 11:35:33,0.0,0.0,0.0,100.0,0.0
2025-01-20 11:36:03,0.0,0.0,0.0,100.0,0.0
2025-01-20 11:36:33,0.0,0.0,0.0,100.0,0.0
2025-01-20 11:37:03,0.0,0.1,0.0,99.9,0.0
2025-01-20 11:37:33,0.0,0.1,0.0,99.9,0.0
2025-01-20 11:38:03,0.0,0.0,0.0,100.0,0.0
2025-01-20 11:38:33,0.1,0.1,0.0,99.9,0.0
2025-01-20 11:39:03,0.2,0.1,0.0,99.7,0.0
2025-01-20 11:39:33,0.0,0.0,0.0,100.0,0.0
2025-01-20 11:40:03,0.1,0.3,0.0,99.7,0.0
2025-01-20 11:40:33,0.1,0.2,0.0,99.7,0.0
2025-01-20 11:41:03,0.0,0.1,0.0,99.9,0.0
2025-01-20 11:41:33,0.0,0.1,0.0,99.9,0.0
2025-01-20 11:42:03,0.0,0.0,0.0,100.0,0.0
2025-01-20 11:42:33,0.0,0.1,0.0,99.9,0.0
2025-01-20 11:43:03,0.1,0.2,0.0,99.6,0.0
2025-01-20 11:43:34,0.0,0.0,0.0,100.0,0.0
2025-01-20 11:44:04,0.0,0.1,0.0,99.9,0.0
2025-01-20 11:44:33,0.0,0.0,0.0,100.0,0.0
2025-01-20 11:45:03,0.0,0.0,0.0,100.0,0.0
2025-01-20 11:45:33,0.0,0.0,0.0,100.0,0.0
2025-01-20 11:46:03,0.0,0.0,0.0,100.0,0.0
2025-01-20 11:46:33,0.1,0.2,0.0,99.7,0.0
2025-01-20 11:47:03,0.0,0.0,0.0,100.0,0.0
2025-01-20 11:47:33,0.0,0.0,0.0,100.0,0.0
2025-01-20 11:48:03,0.0,0.0,0.0,99.9,0.0
2025-01-20 11:48:33,0.2,0.0,0.1,99.6,0.0
2025-01-20 11:49:03,0.0,0.1,0.0,99.9,0.0
2025-01-20 11:49:33,0.0,0.0,0.0,100.0,0.0
2025-01-20 11:50:03,0.0,0.1,0.0,99.9,0.0
2025-01-20 11:50:33,0.0,0.0,0.0,100.0,0.0
2025-01-20 11:51:03,0.0,0.1,0.0,99.9,0.0
2025-01-20 11:51:33,0.0,0.0,0.0,100.0,0.0
2025-01-20 11:52:03,0.2,0.5,0.0,99.3,0.0
2025-01-20 11:52:33,0.0,0.0,0.0,100.0,0.0
2025-01-20 11:53:03,0.0,0.0,0.0,99.9,0.0
2025-01-20 11:53:33,0.0,0.0,0.0,100.0,0.0
2025-01-20 11:54:03,0.0,0.0,0.0,100.0,0.0
2025-01-20 11:54:33,0.1,0.1,0.0,99.9,0.0
2025-01-20 11:55:03,0.0,0.0,0.0,100.0,0.0
2025-01-20 11:55:33,0.0,0.0,0.0,100.0,0.0
2025-01-20 11:56:03,0.0,0.0,0.0,100.0,0.0
2025-01-20 11:56:33,0.0,0.1,0.0,99.9,0.0
2025-01-20 11:57:03,0.0,0.0,0.0,99.9,0.0
2025-01-20 11:57:33,0.1,0.3,0.0,99.7,0.0
2025-01-20 11:58:03,0.0,0.1,0.0,99.9,0.0
2025-01-20 11:58:33,0.0,0.0,0.0,100.0,0.0
2025-01-20 11:59:03,0.0,0.0,0.0,100.0,0.0
2025-01-20 11:59:33,0.0,0.1,0.0,99.9,0.0
2025-01-20 12:00:03,0.0,0.0,0.0,99.9,0.0
2025-01-20 12:00:33,0.0,0.2,0.0,99.7,0.0
2025-01-20 12:01:03,0.0,0.1,0.0,99.9,0.0
2025-01-20 12:01:33,0.0,0.0,0.0,100.0,0.0
2025-01-20 12:02:03,0.7,0.1,0.0,99.2,0.0
2025-01-20 12:02:33,0.1,0.1,0.0,99.8,0.0
2025-01-20 12:03:03,0.2,0.6,0.0,99.2,0.0
2025-01-20 12:03:33,0.0,0.0,0.0,100.0,0.0
2025-01-20 12:04:03,0.0,0.0,0.0,100.0,0.0
2025-01-20 12:04:33,0.0,0.1,0.0,99.9,0.0
2025-01-20 12:05:03,0.0,0.0,0.0,100.0,0.0
2025-01-20 12:05:33,0.0,0.0,0.0,100.0,0.0
2025-01-20 12:06:03,0.0,0.0,0.0,99.9,0.0
2025-01-20 12:06:33,0.0,0.0,0.0,100.0,0.0
2025-01-20 12:07:03,0.0,0.0,0.0,99.9,0.0
2025-01-20 12:07:33,0.0,0.1,0.0,99.9,0.0
2025-01-20 12:08:03,0.0,0.1,0.0,99.9,0.0
2025-01-20 12:08:33,0.0,0.0,0.0,99.9,0.0
2025-01-20 12:09:03,0.0,0.1,0.0,99.9,0.0
2025-01-20 12:09:33,0.0,0.4,0.0,99.6,0.0
2025-01-20 12:10:03,0.0,0.1,0.0,99.9,0.0
2025-01-20 12:10:33,0.0,0.1,0.0,99.9,0.0
2025-01-20 12:11:03,0.0,0.0,0.0,100.0,0.0
2025-01-20 12:11:33,0.0,0.1,0.0,99.9,0.0
2025-01-20 12:12:03,0.0,0.0,0.0,99.9,0.0
2025-01-20 12:12:33,0.0,0.1,0.0,99.9,0.0
2025-01-20 12:13:03,0.0,0.0,0.0,100.0,0.0
2025-01-20 12:13:33,0.0,0.0,0.0,100.0,0.0
2025-01-20 12:14:03,0.1,0.0,0.1,99.8,0.0
2025-01-20 12:14:33,0.0,0.0,0.0,100.0,0.0
2025-01-20 12:15:03,0.0,0.4,0.0,99.6,0.0
2025-01-20 12:15:33,0.0,0.0,0.0,100.0,0.0
2025-01-20 12:16:03,0.0,0.1,0.0,99.9,0.0
2025-01-20 12:16:33,0.0,0.0,0.0,100.0,0.0
2025-01-20 12:17:04,0.0,0.1,0.0,99.9,0.0
2025-01-20 12:17:34,0.0,0.0,0.0,100.0,0.0
2025-01-20 12:18:04,0.0,0.1,0.0,99.9,0.0
2025-01-20 12:18:33,0.1,0.3,0.0,99.6,0.0
2025-01-20 12:19:03,0.0,0.3,0.0,99.7,0.0
2025-01-20 12:19:33,0.0,0.0,0.0,100.0,0.0
2025-01-20 12:20:03,0.1,0.2,0.0,99.7,0.0
2025-01-20 12:20:33,0.0,0.0,0.0,100.0,0.0
2025-01-20 12:21:03,0.0,0.0,0.0,99.9,0.0
2025-01-20 12:21:33,0.0,0.0,0.0,100.0,0.0
2025-01-20 12:22:03,0.0,0.1,0.0,99.9,0.0
2025-01-20 12:22:33,0.0,0.0,0.0,100.0,0.0
2025-01-20 12:23:03,0.1,0.1,0.0,99.9,0.0
2025-01-20 12:23:33,0.0,0.0,0.0,100.0,0.0
2025-01-20 12:24:03,0.0,0.1,0.0,99.9,0.0
2025-01-20 12:24:33,0.0,0.0,0.0,100.0,0.0
2025-01-20 12:25:03,0.0,0.0,0.0,100.0,0.0
2025-01-20 12:25:33,0.0,0.0,0.0,100.0,0.0
2025-01-20 12:26:03,0.0,0.2,0.0,99.7,0.0
2025-01-20 12:26:33,0.0,0.0,0.0,100.0,0.0
2025-01-20 12:27:03,0.0,0.0,0.0,100.0,0.0
2025-01-20 12:27:33,0.0,0.0,0.0,100.0,0.0
2025-01-20 12:28:03,2.1,0.1,0.0,97.8,0.0
2025-01-20 12:28:33,0.0,0.0,0.0,100.0,0.0
2025-01-20 12:29:03,0.1,0.3,0.0,99.6,0.0
2025-01-20 12:29:33,0.0,0.1,0.0,99.9,0.0
2025-01-20 12:30:03,0.0,0.1,0.0,99.9,0.0
2025-01-20 12:30:33,0.3,0.1,0.2,99.4,0.0
2025-01-20 12:31:03,0.0,0.1,0.0,99.9,0.0
2025-01-20 12:31:33,0.0,0.1,0.0,99.9,0.0
2025-01-20 12:32:03,0.1,0.1,0.0,99.8,0.0
2025-01-20 12:32:33,0.1,0.1,0.0,99.8,0.0
2025-01-20 12:33:03,0.1,0.0,0.0,99.9,0.0
2025-01-20 12:33:33,0.1,0.1,0.0,99.8,0.0
2025-01-20 12:34:03,0.2,0.3,0.0,99.6,0.0
2025-01-20 12:34:33,0.0,0.0,0.0,100.0,0.0
2025-01-20 12:35:03,0.0,0.1,0.0,99.9,0.0
2025-01-20 12:35:33,0.0,0.0,0.0,100.0,0.0
2025-01-20 12:36:03,0.1,0.3,0.0,99.6,0.0
2025-01-20 12:36:33,0.1,0.1,0.0,99.8,0.0
2025-01-20 12:37:03,0.0,0.2,0.0,99.8,0.0
2025-01-20 12:37:33,0.0,0.0,0.0,100.0,0.0
2025-01-20 12:38:03,0.1,0.3,0.0,99.6,0.0
2025-01-20 12:38:33,0.0,0.0,0.0,100.0,0.0
2025-01-20 12:39:03,0.0,0.0,0.0,100.0,0.0
2025-01-20 12:39:33,0.0,0.1,0.0,99.9,0.0
2025-01-20 12:40:03,0.3,0.6,0.0,99.2,0.0
2025-01-20 12:40:33,0.1,0.1,0.0,99.9,0.0
2025-01-20 12:41:03,0.0,0.1,0.0,99.9,0.0
2025-01-20 12:41:33,0.0,0.5,0.0,99.5,0.0
2025-01-20 12:42:03,0.0,0.1,0.0,99.9,0.0
2025-01-20 12:42:33,0.0,0.0,0.0,100.0,0.0
2025-01-20 12:43:03,0.0,0.0,0.0,100.0,0.0
2025-01-20 12:43:33,0.0,0.0,0.0,100.0,0.0
2025-01-20 12:44:03,0.0,0.0,0.0,99.9,0.0
2025-01-20 12:44:33,0.1,0.4,0.0,99.5,0.0
2025-01-20 12:45:03,0.0,0.1,0.0,99.9,0.0
2025-01-20 12:45:33,0.0,0.1,0.0,99.9,0.0
2025-01-20 12:46:03,0.0,0.0,0.0,100.0,0.0
2025-01-20 12:46:33,0.0,0.0,0.0,99.9,0.0
2025-01-20 12:47:03,0.0,0.0,0.0,100.0,0.0
2025-01-20 12:47:33,0.1,0.3,0.0,99.7,0.0
2025-01-20 12:48:03,0.1,0.0,0.0,99.9,0.0
2025-01-20 12:48:33,0.0,0.0,0.0,100.0,0.0
2025-01-20 12:49:03,0.1,0.1,0.0,99.8,0.0
2025-01-20 12:49:33,0.0,0.0,0.0,99.9,0.0
2025-01-20 12:50:03,0.0,0.1,0.0,99.9,0.0
2025-01-20 12:50:34,0.0,0.2,0.0,99.7,0.0
2025-01-20 12:51:04,0.0,0.0,0.0,100.0,0.0
2025-01-20 12:51:34,0.0,0.1,0.0,99.9,0.0
2025-01-20 12:52:03,0.6,0.1,0.0,99.3,0.0
2025-01-20 12:52:33,0.0,0.2,0.0,99.7,0.0
2025-01-20 12:53:03,0.3,0.0,0.2,99.5,0.0
2025-01-20 12:53:33,0.0,0.0,0.0,100.0,0.0
2025-01-20 12:54:03,0.0,0.0,0.0,100.0,0.0
2025-01-20 12:54:33,0.0,0.0,0.0,100.0,0.0
2025-01-20 12:55:03,0.1,0.2,0.0,99.8,0.0
2025-01-20 12:55:33,0.0,0.1,0.0,99.9,0.0
2025-01-20 12:56:03,0.1,0.1,0.0,99.8,0.0
2025-01-20 12:56:33,0.0,0.1,0.0,99.9,0.0
2025-01-20 12:57:03,0.0,0.1,0.0,99.9,0.0
2025-01-20 12:57:33,0.0,0.0,0.0,100.0,0.0
2025-01-20 12:58:03,0.0,0.0,0.0,100.0,0.0
2025-01-20 12:58:33,0.0,0.0,0.0,100.0,0.0
2025-01-20 12:59:03,0.0,0.0,0.0,100.0,0.0
2025-01-20 12:59:33,0.0,0.0,0.0,100.0,0.0
2025-01-20 13:00:03,0.0,0.1,0.0,99.9,0.0
2025-01-20 13:00:33,0.0,0.0,0.0,99.9,0.0
2025-01-20 13:01:03,0.0,0.1,0.0,99.9,0.0
2025-01-20 13:01:33,0.0,0.0,0.0,100.0,0.0
2025-01-20 13:02:03,0.0,0.1,0.0,99.9,0.0
2025-01-20 13:02:33,0.0,0.0,0.0,100.0,0.0
2025-01-20 13:03:03,0.0,0.0,0.0,100.0,0.0
2025-01-20 13:03:33,0.0,0.1,0.0,99.9,0.0
2025-01-20 13:04:03,0.0,0.0,0.0,100.0,0.0
2025-01-20 13:04:33,0.1,0.3,0.0,99.7,0.0
2025-01-20 13:05:03,0.0,0.1,0.0,99.9,0.0
2025-01-20 13:05:33,0.0,0.1,0.0,99.9,0.0
2025-01-20 13:06:03,0.0,0.0,0.0,100.0,0.0
2025-01-20 13:06:33,0.0,0.0,0.0,99.9,0.0
2025-01-20 13:07:03,0.0,0.1,0.0,99.9,0.0
2025-01-20 13:07:33,0.0,0.0,0.0,100.0,0.0
2025-01-20 13:08:03,0.0,0.0,0.0,100.0,0.0
2025-01-20 13:08:33,0.0,0.0,0.0,100.0,0.0
2025-01-20 13:09:03,0.0,0.1,0.0,99.9,0.0
2025-01-20 13:09:33,0.0,0.0,0.0,100.0,0.0
2025-01-20 13:10:03,0.0,0.0,0.0,100.0,0.0
2025-01-20 13:10:33,0.0,0.0,0.0,100.0,0.0
2025-01-20 13:11:03,0.1,0.1,0.0,99.9,0.0
2025-01-20 13:11:33,0.0,0.2,0.0,99.8,0.0
2025-01-20 13:12:03,0.0,0.1,0.0,99.9,0.0
2025-01-20 13:12:33,0.0,0.1,0.0,99.9,0.0
2025-01-20 13:13:03,0.1,0.2,0.0,99.7,0.0
2025-01-20 13:13:33,0.0,0.0,0.0,100.0,0.0
2025-01-20 13:14:03,0.1,0.1,0.0,99.8,0.0
2025-01-20 13:14:33,0.1,0.3,0.0,99.6,0.0
2025-01-20 13:15:03,0.0,0.0,0.0,100.0,0.0
2025-01-20 13:15:33,0.1,0.2,0.0,99.7,0.0
2025-01-20 13:16:03,0.2,0.5,0.0,99.3,0.0
2025-01-20 13:16:33,0.1,0.1,0.0,99.8,0.0
2025-01-20 13:17:03,0.1,0.4,0.0,99.4,0.0
2025-01-20 13:17:33,0.0,0.1,0.0,99.9,0.0
2025-01-20 13:18:03,0.1,0.3,0.0,99.6,0.0
2025-01-20 13:18:33,0.0,0.1,0.0,99.9,0.0
2025-01-20 13:19:03,0.1,0.4,0.0,99.5,0.0
2025-01-20 13:19:33,0.1,0.3,0.0,99.6,0.0
2025-01-20 13:20:03,0.0,0.0,0.0,99.9,0.0
2025-01-20 13:20:33,0.0,0.0,0.0,100.0,0.0
2025-01-20 13:21:03,0.1,0.7,0.0,99.2,0.0
2025-01-20 13:21:33,0.0,0.0,0.0,100.0,0.0
2025-01-20 13:22:03,0.1,0.2,0.0,99.7,0.0
2025-01-20 13:22:33,0.0,0.0,0.0,100.0,0.0
2025-01-20 13:23:03,0.0,0.1,0.0,99.9,0.0
2025-01-20 13:23:33,0.0,0.0,0.0,99.9,0.0
2025-01-20 13:24:03,0.0,0.0,0.0,99.9,0.0
2025-01-20 13:24:33,0.0,0.3,0.0,99.6,0.0
2025-01-20 13:25:03,0.0,0.0,0.0,99.9,0.0
2025-01-20 13:25:34,0.0,0.0,0.0,100.0,0.0
2025-01-20 13:26:04,0.0,0.1,0.0,99.9,0.0
2025-01-20 13:26:34,0.0,0.0,0.0,100.0,0.0
2025-01-20 13:27:04,0.0,0.1,0.0,99.9,0.0
2025-01-20 13:27:34,0.0,0.1,0.0,99.9,0.0
2025-01-20 13:28:03,0.0,0.0,0.0,99.9,0.0
2025-01-20 13:28:33,0.0,0.0,0.0,100.0,0.0
2025-01-20 13:29:03,0.0,0.1,0.0,99.9,0.0
2025-01-20 13:29:33,0.0,0.1,0.0,99.9,0.0
2025-01-20 13:30:03,0.0,0.0,0.0,100.0,0.0
2025-01-20 13:30:33,0.1,0.2,0.0,99.7,0.0
2025-01-20 13:31:03,0.0,0.0,0.0,100.0,0.0
2025-01-20 13:31:33,0.0,0.0,0.0,100.0,0.0
2025-01-20 13:32:03,0.0,0.1,0.0,99.9,0.0
2025-01-20 13:32:33,0.0,0.0,0.0,100.0,0.0
2025-01-20 13:33:03,0.0,0.0,0.0,100.0,0.0
2025-01-20 13:33:33,0.0,0.0,0.0,100.0,0.0
2025-01-20 13:34:03,0.0,0.0,0.0,100.0,0.0
2025-01-20 13:34:33,0.0,0.0,0.0,100.0,0.0
2025-01-20 13:35:03,0.0,0.0,0.0,100.0,0.0
2025-01-20 13:35:33,0.0,0.0,0.0,100.0,0.0
2025-01-20 13:36:03,0.0,0.0,0.0,99.9,0.0
2025-01-20 13:36:33,0.1,0.3,0.0,99.6,0.0
2025-01-20 13:37:03,0.0,0.1,0.0,99.9,0.0
2025-01-20 13:37:33,0.0,0.0,0.0,100.0,0.0
2025-01-20 13:38:03,0.0,0.1,0.0,99.9,0.0
2025-01-20 13:38:33,0.0,0.0,0.0,100.0,0.0
2025-01-20 13:39:03,0.0,0.1,0.0,99.9,0.0
2025-01-20 13:39:33,0.1,0.1,0.0,99.8,0.0
2025-01-20 13:40:03,0.0,0.1,0.0,99.9,0.0
2025-01-20 13:40:33,0.1,0.3,0.0,99.6,0.0
2025-01-20 13:41:03,0.2,0.4,0.0,99.4,0.0
2025-01-20 13:41:33,0.0,0.0,0.0,100.0,0.0
2025-01-20 13:42:03,0.1,0.4,0.0,99.5,0.0
2025-01-20 13:42:33,0.0,0.0,0.0,100.0,0.0
2025-01-20 13:43:03,0.0,0.0,0.0,99.9,0.0
2025-01-20 13:43:33,0.0,0.0,0.0,100.0,0.0
2025-01-20 13:44:03,0.0,0.0,0.0,100.0,0.0
2025-01-20 13:44:33,0.1,0.0,0.0,99.9,0.0
2025-01-20 13:45:03,0.0,0.1,0.0,99.9,0.0
2025-01-20 13:45:33,0.0,0.0,0.0,100.0,0.0
2025-01-20 13:46:03,0.0,0.1,0.0,99.9,0.0
2025-01-20 13:46:33,0.0,0.0,0.0,100.0,0.0
2025-01-20 13:47:03,0.1,0.3,0.0,99.5,0.0
2025-01-20 13:47:33,0.0,0.0,0.0,100.0,0.0
2025-01-20 13:48:03,0.1,0.3,0.0,99.6,0.0
2025-01-20 13:48:33,0.1,0.3,0.0,99.7,0.0
2025-01-20 13:49:03,0.0,0.0,0.0,100.0,0.0
2025-01-20 13:49:33,0.1,0.1,0.0,99.8,0.0
2025-01-20 13:50:03,0.0,0.1,0.0,99.9,0.0
2025-01-20 13:50:33,0.0,0.0,0.0,100.0,0.0
2025-01-20 13:51:03,0.1,0.3,0.0,99.7,0.0
2025-01-20 13:51:33,0.0,0.0,0.0,100.0,0.0
2025-01-20 13:52:03,0.2,1.0,0.0,98.7,0.0
2025-01-20 13:52:33,0.0,0.0,0.0,100.0,0.0
2025-01-20 13:53:03,0.1,0.1,0.0,99.8,0.0
2025-01-20 13:53:33,0.0,0.0,0.0,100.0,0.0
2025-01-20 13:54:03,0.0,0.0,0.0,100.0,0.0
2025-01-20 13:54:33,0.0,0.0,0.0,100.0,0.0
2025-01-20 13:55:03,0.0,0.0,0.0,100.0,0.0
2025-01-20 13:55:33,0.1,0.1,0.0,99.8,0.0
2025-01-20 13:56:03,0.0,0.1,0.0,99.9,0.0
2025-01-20 13:56:33,0.0,0.0,0.0,99.9,0.0
2025-01-20 13:57:03,0.0,0.1,0.0,99.9,0.0
2025-01-20 13:57:33,0.1,0.1,0.0,99.8,0.0
2025-01-20 13:58:03,0.0,0.0,0.0,100.0,0.0
2025-01-20 13:58:33,0.0,0.0,0.0,100.0,0.0
2025-01-20 13:59:03,0.0,0.0,0.0,100.0,0.0
2025-01-20 13:59:33,0.0,0.0,0.0,100.0,0.0
2025-01-20 14:00:03,0.0,0.0,0.0,99.9,0.0
2025-01-20 14:00:33,0.0,0.1,0.0,99.9,0.0
2025-01-20 14:01:03,0.0,0.0,0.0,100.0,0.0
2025-01-20 14:01:33,0.0,0.0,0.0,100.0,0.0
2025-01-20 14:02:03,0.0,0.1,0.0,99.9,0.0
2025-01-20 14:02:33,0.0,0.1,0.0,99.9,0.0
2025-01-20 14:03:04,0.0,0.1,0.0,99.9,0.0
2025-01-20 14:03:34,0.0,0.0,0.0,100.0,0.0
2025-01-20 14:04:04,0.0,0.0,0.0,99.9,0.0
2025-01-20 14:04:34,0.0,0.1,0.0,99.9,0.0
2025-01-20 14:05:04,0.0,0.0,0.0,100.0,0.0
2025-01-20 14:05:34,0.0,0.1,0.0,99.9,0.0
2025-01-20 14:06:04,0.0,0.0,0.0,99.9,0.0
2025-01-20 14:06:33,0.0,0.0,0.0,100.0,0.0
2025-01-20 14:07:03,0.0,0.0,0.0,100.0,0.0
2025-01-20 14:07:33,0.0,0.1,0.0,99.9,0.0
2025-01-20 14:08:03,0.0,0.0,0.0,100.0,0.0
2025-01-20 14:08:33,0.1,0.1,0.0,99.8,0.0
2025-01-20 14:09:03,0.1,0.3,0.0,99.7,0.0
2025-01-20 14:09:33,0.0,0.3,0.0,99.7,0.0
2025-01-20 14:10:03,0.0,0.1,0.0,99.9,0.0
2025-01-20 14:10:33,0.0,0.0,0.0,100.0,0.0
2025-01-20 14:11:03,0.0,0.1,0.0,99.9,0.0
2025-01-20 14:11:33,0.0,0.0,0.0,100.0,0.0
2025-01-20 14:12:03,0.0,0.0,0.0,99.9,0.0
2025-01-20 14:12:33,0.0,0.0,0.0,100.0,0.0
2025-01-20 14:13:03,0.0,0.0,0.0,100.0,0.0
2025-01-20 14:13:33,0.0,0.2,0.0,99.7,0.0
2025-01-20 14:14:03,0.0,0.0,0.0,100.0,0.0
2025-01-20 14:14:33,0.0,0.0,0.0,100.0,0.0
2025-01-20 14:15:03,0.0,0.1,0.0,99.9,0.0
2025-01-20 14:15:33,0.0,0.0,0.0,99.9,0.0
2025-01-20 14:16:03,0.1,0.3,0.0,99.6,0.0
2025-01-20 14:16:33,0.0,0.0,0.0,100.0,0.0
2025-01-20 14:17:03,0.0,0.0,0.0,100.0,0.0
2025-01-20 14:17:33,0.1,0.2,0.0,99.7,0.0
2025-01-20 14:18:03,0.0,0.0,0.0,100.0,0.0
2025-01-20 14:18:33,0.0,0.0,0.0,100.0,0.0
2025-01-20 14:19:03,0.0,0.1,0.0,99.9,0.0
2025-01-20 14:19:33,0.0,0.1,0.0,99.9,0.0
2025-01-20 14:20:03,0.0,0.0,0.0,99.9,0.0
2025-01-20 14:20:33,0.0,0.0,0.0,100.0,0.0
2025-01-20 14:21:03,0.0,0.0,0.0,100.0,0.0
2025-01-20 14:21:33,0.0,0.1,0.0,99.9,0.0
2025-01-20 14:22:03,0.1,0.1,0.0,99.8,0.0
2025-01-20 14:22:33,0.1,0.0,0.0,99.9,0.0
2025-01-20 14:23:03,0.1,0.0,0.0,99.9,0.0
2025-01-20 14:23:33,0.0,0.1,0.0,99.9,0.0
2025-01-20 14:24:03,0.0,0.0,0.0,99.9,0.0
2025-01-20 14:24:33,0.0,0.1,0.0,99.9,0.0
2025-01-20 14:25:03,0.1,0.1,0.0,99.9,0.0
2025-01-20 14:25:33,0.0,0.0,0.0,99.9,0.0
2025-01-20 14:26:03,0.1,0.2,0.0,99.7,0.0
2025-01-20 14:26:33,0.0,0.1,0.0,99.9,0.0
2025-01-20 14:27:03,0.0,0.1,0.0,99.9,0.0
2025-01-20 14:27:33,0.1,0.0,0.0,99.9,0.0
2025-01-20 14:28:03,0.1,0.0,0.0,99.9,0.0
2025-01-20 14:28:33,0.0,0.0,0.0,99.9,0.0
2025-01-20 14:29:03,0.2,0.3,0.0,99.5,0.0
2025-01-20 14:29:33,0.1,0.1,0.0,99.9,0.0
2025-01-20 14:30:03,0.1,0.2,0.0,99.7,0.0
2025-01-20 14:30:33,0.1,0.0,0.0,99.9,0.0
2025-01-20 14:31:03,0.0,0.0,0.0,99.9,0.0
2025-01-20 14:31:33,0.0,0.1,0.0,99.9,0.0
2025-01-20 14:32:03,0.1,0.1,0.0,99.8,0.0
2025-01-20 14:32:33,0.0,0.0,0.0,99.9,0.0
2025-01-20 14:33:03,0.1,0.3,0.0,99.6,0.0
2025-01-20 14:33:33,0.1,0.0,0.0,99.9,0.0
2025-01-20 14:34:03,0.1,0.0,0.0,99.9,0.0
2025-01-20 14:34:33,0.1,0.1,0.0,99.8,0.0
2025-01-20 14:35:03,0.0,0.1,0.0,99.9,0.0
2025-01-20 14:35:33,0.1,0.0,0.0,99.9,0.0
2025-01-20 14:36:03,0.0,0.1,0.0,99.9,0.0
2025-01-20 14:36:33,0.1,0.1,0.0,99.8,0.0
2025-01-20 14:37:03,0.1,0.3,0.0,99.6,0.0
2025-01-20 14:37:33,0.0,0.2,0.0,99.8,0.0
2025-01-20 14:38:03,0.0,0.3,0.0,99.7,0.0
2025-01-20 14:38:34,0.0,0.2,0.0,99.8,0.0
2025-01-20 14:39:04,0.1,0.5,0.0,99.3,0.0
2025-01-20 14:39:34,0.0,0.2,0.0,99.8,0.0
2025-01-20 14:40:04,0.0,0.0,0.0,99.9,0.0
2025-01-20 14:40:34,0.1,0.3,0.0,99.7,0.0
2025-01-20 14:41:04,0.4,0.1,0.3,99.3,0.0
2025-01-20 14:41:34,0.0,0.0,0.0,100.0,0.0
2025-01-20 14:42:04,0.0,0.1,0.0,99.9,0.0
2025-01-20 14:42:33,0.0,0.1,0.0,99.9,0.0
2025-01-20 14:43:03,0.0,0.0,0.0,100.0,0.0
2025-01-20 14:43:33,0.0,0.0,0.0,100.0,0.0
2025-01-20 14:44:03,0.1,0.3,0.0,99.7,0.0
2025-01-20 14:44:33,0.0,0.0,0.0,100.0,0.0
2025-01-20 14:45:03,0.0,0.0,0.0,100.0,0.0
2025-01-20 14:45:33,0.0,0.1,0.0,99.9,0.0
2025-01-20 14:46:03,0.0,0.3,0.0,99.7,0.0
2025-01-20 14:46:33,0.0,0.0,0.0,100.0,0.0
2025-01-20 14:47:03,0.0,0.0,0.0,100.0,0.0
2025-01-20 14:47:33,0.0,0.0,0.0,99.9,0.0
2025-01-20 14:48:03,0.0,0.0,0.0,100.0,0.0
2025-01-20 14:48:33,0.0,0.0,0.0,100.0,0.0
2025-01-20 14:49:03,0.0,0.0,0.0,100.0,0.0
2025-01-20 14:49:33,0.0,0.0,0.0,100.0,0.0
2025-01-20 14:50:03,0.1,0.1,0.0,99.8,0.0
2025-01-20 14:50:33,0.0,0.0,0.0,100.0,0.0
2025-01-20 14:51:03,0.1,0.3,0.0,99.6,0.0
2025-01-20 14:51:33,0.0,0.1,0.0,99.9,0.0
2025-01-20 14:52:03,0.1,0.3,0.0,99.6,0.0
2025-01-20 14:52:33,0.1,0.1,0.0,99.8,0.0
2025-01-20 14:53:03,0.0,0.0,0.0,100.0,0.0
2025-01-20 14:53:33,0.1,0.1,0.0,99.9,0.0
2025-01-20 14:54:03,0.0,0.0,0.0,99.9,0.0
2025-01-20 14:54:33,0.1,0.2,0.0,99.7,0.0
2025-01-20 14:55:03,0.0,0.1,0.0,99.9,0.0
2025-01-20 14:55:33,0.0,0.0,0.0,100.0,0.0
2025-01-20 14:56:03,0.0,0.0,0.0,100.0,0.0
2025-01-20 14:56:33,0.1,0.5,0.0,99.4,0.0
2025-01-20 14:57:03,0.2,0.5,0.0,99.3,0.0
2025-01-20 14:57:33,0.0,0.1,0.0,99.9,0.0
2025-01-20 14:58:03,0.0,0.0,0.0,100.0,0.0
2025-01-20 14:58:33,0.0,0.0,0.0,99.9,0.0
2025-01-20 14:59:03,0.0,0.0,0.0,100.0,0.0
2025-01-20 14:59:33,0.1,0.3,0.0,99.6,0.0
2025-01-20 15:00:03,0.0,0.1,0.0,99.9,0.0
2025-01-20 15:00:33,0.0,0.0,0.0,100.0,0.0
2025-01-20 15:01:03,0.5,0.7,0.3,98.5,0.0
2025-01-20 15:01:33,0.0,0.0,0.0,100.0,0.0
2025-01-20 15:02:03,0.6,0.2,0.0,99.2,0.0
2025-01-20 15:02:33,0.1,0.3,0.0,99.6,0.0
2025-01-20 15:03:03,0.0,0.0,0.0,100.0,0.0
2025-01-20 15:03:33,0.0,0.0,0.0,99.9,0.0
2025-01-20 15:04:03,0.0,0.3,0.0,99.6,0.0
2025-01-20 15:04:33,0.1,0.3,0.0,99.6,0.0
2025-01-20 15:05:03,0.0,0.0,0.0,99.9,0.0
2025-01-20 15:05:33,0.0,0.0,0.0,100.0,0.0
2025-01-20 15:06:03,0.0,0.1,0.0,99.9,0.0
2025-01-20 15:06:33,0.0,0.0,0.0,100.0,0.0
2025-01-20 15:07:03,0.0,0.1,0.0,99.8,0.0
2025-01-20 15:07:33,0.0,0.0,0.0,100.0,0.0
2025-01-20 15:08:03,0.0,0.0,0.0,100.0,0.0
2025-01-20 15:08:33,0.0,0.0,0.0,100.0,0.0
2025-01-20 15:09:03,0.0,0.1,0.0,99.9,0.0
2025-01-20 15:09:33,0.0,0.1,0.0,99.9,0.0
2025-01-20 15:10:03,0.0,0.1,0.0,99.9,0.0
2025-01-20 15:10:33,0.0,0.0,0.0,100.0,0.0
2025-01-20 15:11:03,0.0,0.1,0.0,99.9,0.0
2025-01-20 15:11:33,0.0,0.1,0.0,99.8,0.0
2025-01-20 15:12:03,0.1,0.1,0.0,99.8,0.0
2025-01-20 15:12:33,0.0,0.1,0.0,99.9,0.0
2025-01-20 15:13:03,0.2,0.0,0.1,99.7,0.0
2025-01-20 15:13:33,0.0,0.0,0.0,100.0,0.0
2025-01-20 15:14:03,0.0,0.0,0.0,100.0,0.0
2025-01-20 15:14:33,0.0,0.1,0.0,99.9,0.0
2025-01-20 15:15:03,0.1,0.0,0.0,99.9,0.0
2025-01-20 15:15:34,0.0,0.0,0.0,100.0,0.0
2025-01-20 15:16:04,0.1,0.1,0.0,99.8,0.0
2025-01-20 15:16:34,0.2,0.3,0.0,99.5,0.0
2025-01-20 15:17:04,0.0,0.1,0.0,99.9,0.0
2025-01-20 15:17:34,0.0,0.0,0.0,100.0,0.0
2025-01-20 15:18:04,0.0,0.0,0.0,100.0,0.0
2025-01-20 15:18:34,0.0,0.1,0.0,99.9,0.0
2025-01-20 15:19:04,0.0,0.1,0.0,99.9,0.0
2025-01-20 15:19:34,0.1,0.0,0.0,99.9,0.0
2025-01-20 15:20:04,0.0,0.1,0.0,99.9,0.0
2025-01-20 15:20:33,0.0,0.1,0.0,99.9,0.0
2025-01-20 15:21:03,0.0,0.0,0.0,100.0,0.0
2025-01-20 15:21:33,0.0,0.1,0.0,99.9,0.0
2025-01-20 15:22:03,0.1,0.4,0.0,99.5,0.0
2025-01-20 15:22:33,0.0,0.1,0.0,99.9,0.0
2025-01-20 15:23:03,0.0,0.1,0.0,99.9,0.0
2025-01-20 15:23:33,0.0,0.1,0.0,99.9,0.0
2025-01-20 15:24:03,0.0,0.1,0.0,99.9,0.0
2025-01-20 15:24:33,0.0,0.0,0.0,99.9,0.0
2025-01-20 15:25:03,0.1,0.1,0.0,99.8,0.0
2025-01-20 15:25:33,0.0,0.1,0.0,99.9,0.0
2025-01-20 15:26:03,0.0,0.0,0.0,100.0,0.0
2025-01-20 15:26:33,0.0,0.1,0.0,99.9,0.0
2025-01-20 15:27:03,0.1,0.2,0.0,99.7,0.0
2025-01-20 15:27:33,0.0,0.0,0.0,99.9,0.0
2025-01-20 15:28:03,0.0,0.0,0.0,100.0,0.0
2025-01-20 15:28:33,0.0,0.0,0.0,100.0,0.0
2025-01-20 15:29:03,0.0,0.0,0.0,100.0,0.0
2025-01-20 15:29:33,0.0,0.2,0.0,99.7,0.0
2025-01-20 15:30:03,0.0,0.0,0.0,100.0,0.0
2025-01-20 15:30:33,0.0,0.0,0.0,99.9,0.0
2025-01-20 15:31:03,0.0,0.0,0.0,100.0,0.0
2025-01-20 15:31:33,0.0,0.1,0.0,99.9,0.0
2025-01-20 15:32:03,0.0,0.0,0.0,100.0,0.0
2025-01-20 15:32:33,0.0,0.0,0.0,100.0,0.0
2025-01-20 15:33:03,0.0,0.1,0.0,99.9,0.0
2025-01-20 15:33:33,0.0,0.0,0.0,99.9,0.0
2025-01-20 15:34:03,0.0,0.1,0.0,99.9,0.0
2025-01-20 15:34:33,0.2,0.2,0.1,99.4,0.0
2025-01-20 15:35:03,0.0,0.0,0.0,100.0,0.0
2025-01-20 15:35:33,0.0,0.0,0.0,100.0,0.0
2025-01-20 15:36:03,0.1,0.3,0.0,99.6,0.0
2025-01-20 15:36:33,0.1,0.1,0.0,99.8,0.0
2025-01-20 15:37:03,0.0,0.1,0.0,99.9,0.0
2025-01-20 15:37:33,0.1,0.3,0.0,99.6,0.0
2025-01-20 15:38:03,0.0,0.1,0.0,99.9,0.0
2025-01-20 15:38:33,0.1,0.2,0.0,99.7,0.0
2025-01-20 15:39:03,0.0,0.0,0.0,100.0,0.0
2025-01-20 15:39:33,0.0,0.0,0.0,99.9,0.0
2025-01-20 15:40:03,0.1,0.3,0.0,99.5,0.0
2025-01-20 15:40:33,0.0,0.1,0.0,99.9,0.0
2025-01-20 15:41:03,0.0,0.0,0.0,99.9,0.0
2025-01-20 15:41:33,0.0,0.0,0.0,100.0,0.0
2025-01-20 15:42:03,0.1,0.1,0.0,99.8,0.0
2025-01-20 15:42:33,0.2,0.3,0.0,99.5,0.0
2025-01-20 15:43:03,0.1,0.5,0.0,99.4,0.0
2025-01-20 15:43:33,0.0,0.0,0.0,100.0,0.0
2025-01-20 15:44:03,0.0,0.1,0.0,99.9,0.0
2025-01-20 15:44:33,0.0,0.0,0.0,100.0,0.0
2025-01-20 15:45:03,0.1,0.4,0.0,99.5,0.0
2025-01-20 15:45:33,0.2,0.8,0.0,99.1,0.0
2025-01-20 15:46:03,0.0,0.1,0.0,99.9,0.0
2025-01-20 15:46:33,0.0,0.0,0.0,100.0,0.0
2025-01-20 15:47:03,0.0,0.3,0.0,99.7,0.0
2025-01-20 15:47:33,0.0,0.0,0.0,100.0,0.0
2025-01-20 15:48:03,0.0,0.0,0.0,100.0,0.0
2025-01-20 15:48:33,0.0,0.0,0.0,100.0,0.0
2025-01-20 15:49:03,0.1,0.3,0.0,99.7,0.0
2025-01-20 15:49:33,0.0,0.0,0.0,100.0,0.0
2025-01-20 15:50:03,0.0,0.0,0.0,100.0,0.0
2025-01-20 15:50:33,0.0,0.0,0.0,99.9,0.0
2025-01-20 15:51:03,0.0,0.0,0.0,100.0,0.0
2025-01-20 15:51:33,0.0,0.0,0.0,100.0,0.0
2025-01-20 15:52:04,0.1,0.3,0.0,99.6,0.0
2025-01-20 15:52:34,0.0,0.0,0.0,100.0,0.0
2025-01-20 15:53:04,0.0,0.0,0.0,100.0,0.0
2025-01-20 15:53:34,0.0,0.0,0.0,100.0,0.0
2025-01-20 15:54:04,0.0,0.1,0.0,99.9,0.0
2025-01-20 15:54:34,0.0,0.0,0.0,100.0,0.0
2025-01-20 15:55:04,0.1,0.3,0.0,99.6,0.0
2025-01-20 15:55:34,0.0,0.1,0.0,99.9,0.0
2025-01-20 15:56:04,0.1,0.0,0.0,99.9,0.0
2025-01-20 15:56:34,0.0,0.0,0.0,100.0,0.0
2025-01-20 15:57:04,0.0,0.0,0.0,100.0,0.0
2025-01-20 15:57:33,0.0,0.0,0.0,100.0,0.0
2025-01-20 15:58:03,0.1,0.1,0.0,99.8,0.0
2025-01-20 15:58:33,0.0,0.1,0.0,99.9,0.0
2025-01-20 15:59:03,0.0,0.1,0.0,99.9,0.0
2025-01-20 15:59:33,0.0,0.0,0.0,100.0,0.0
2025-01-20 16:00:03,0.0,0.0,0.0,100.0,0.0
2025-01-20 16:00:33,0.0,0.0,0.0,100.0,0.0
2025-01-20 16:01:03,0.0,0.0,0.0,100.0,0.0
2025-01-20 16:01:33,0.1,0.1,0.0,99.7,0.0
2025-01-20 16:02:03,0.1,0.4,0.0,99.5,0.0
2025-01-20 16:02:33,0.1,0.3,0.0,99.6,0.0
2025-01-20 16:03:03,0.1,0.2,0.0,99.7,0.0
2025-01-20 16:03:33,0.0,0.0,0.0,99.9,0.0
2025-01-20 16:04:03,0.0,0.1,0.0,99.9,0.0
2025-01-20 16:04:33,0.0,0.0,0.0,100.0,0.0
2025-01-20 16:05:03,0.0,0.0,0.0,100.0,0.0
2025-01-20 16:05:33,0.0,0.1,0.0,99.9,0.0
2025-01-20 16:06:03,0.0,0.3,0.0,99.7,0.0
2025-01-20 16:06:33,0.0,0.0,0.0,100.0,0.0
2025-01-20 16:07:03,0.0,0.1,0.0,99.9,0.0
2025-01-20 16:07:33,0.0,0.0,0.0,100.0,0.0
2025-01-20 16:08:03,0.1,0.0,0.1,99.8,0.0
2025-01-20 16:08:33,0.0,0.1,0.0,99.9,0.0
2025-01-20 16:09:03,0.1,0.1,0.0,99.8,0.0
2025-01-20 16:09:33,0.0,0.1,0.0,99.9,0.0
2025-01-20 16:10:03,0.1,0.3,0.0,99.6,0.0
2025-01-20 16:10:33,0.0,0.1,0.0,99.9,0.0
2025-01-20 16:11:03,0.0,0.4,0.0,99.5,0.0
2025-01-20 16:11:33,0.0,0.1,0.0,99.9,0.0
2025-01-20 16:12:03,0.0,0.0,0.0,99.9,0.0
2025-01-20 16:12:33,0.1,0.3,0.0,99.6,0.0
2025-01-20 16:13:03,0.0,0.1,0.0,99.9,0.0
2025-01-20 16:13:33,0.0,0.1,0.0,99.9,0.0
2025-01-20 16:14:03,0.1,0.4,0.0,99.5,0.0
2025-01-20 16:14:33,0.0,0.0,0.0,100.0,0.0
2025-01-20 16:15:03,0.0,0.2,0.0,99.8,0.0
2025-01-20 16:15:33,0.0,0.1,0.0,99.9,0.0
2025-01-20 16:16:03,0.0,0.0,0.0,100.0,0.0
2025-01-20 16:16:33,0.0,0.0,0.0,100.0,0.0
2025-01-20 16:17:03,0.1,0.2,0.0,99.7,0.0
2025-01-20 16:17:33,0.1,0.1,0.0,99.8,0.0
2025-01-20 16:18:03,0.0,0.0,0.0,100.0,0.0
2025-01-20 16:18:33,0.0,0.0,0.0,100.0,0.0
2025-01-20 16:19:03,0.0,0.0,0.0,100.0,0.0
2025-01-20 16:19:33,0.0,0.0,0.0,100.0,0.0
2025-01-20 16:20:03,0.0,0.0,0.0,99.9,0.0
2025-01-20 16:20:33,0.0,0.1,0.0,99.8,0.0
2025-01-20 16:21:03,0.0,0.0,0.0,100.0,0.0
2025-01-20 16:21:33,0.0,0.0,0.0,100.0,0.0
2025-01-20 16:22:03,0.0,0.1,0.0,99.9,0.0
2025-01-20 16:22:33,0.0,0.1,0.0,99.9,0.0
2025-01-20 16:23:03,0.0,0.2,0.0,99.8,0.0
2025-01-20 16:23:33,0.0,0.0,0.0,100.0,0.0
2025-01-20 16:24:03,0.0,0.2,0.0,99.7,0.0
2025-01-20 16:24:33,0.0,0.0,0.0,100.0,0.0
2025-01-20 16:25:03,0.0,0.0,0.0,100.0,0.0
2025-01-20 16:25:33,0.1,0.2,0.0,99.7,0.0
2025-01-20 16:26:03,0.0,0.1,0.0,99.9,0.0
2025-01-20 16:26:33,0.1,0.1,0.0,99.8,0.0
2025-01-20 16:27:03,0.0,0.3,0.0,99.6,0.0
2025-01-20 16:27:33,0.0,0.0,0.0,100.0,0.0
2025-01-20 16:28:03,0.0,0.1,0.0,99.9,0.0
2025-01-20 16:28:34,0.1,0.1,0.0,99.9,0.0
2025-01-20 16:29:04,0.0,0.1,0.0,99.9,0.0
2025-01-20 16:29:34,0.0,0.1,0.0,99.9,0.0
2025-01-20 16:30:04,0.0,0.0,0.0,99.9,0.0
2025-01-20 16:30:34,0.1,0.1,0.0,99.8,0.0
2025-01-20 16:31:04,0.0,0.0,0.0,100.0,0.0
2025-01-20 16:31:34,0.0,0.0,0.0,100.0,0.0
2025-01-20 16:32:04,0.1,0.1,0.0,99.8,0.0
2025-01-20 16:32:34,0.0,0.1,0.0,99.9,0.0
2025-01-20 16:33:04,0.0,0.0,0.0,100.0,0.0
2025-01-20 16:33:34,0.0,0.0,0.0,100.0,0.0
2025-01-20 16:34:04,0.0,0.0,0.0,100.0,0.0
2025-01-20 16:34:33,0.0,0.0,0.0,100.0,0.0
2025-01-20 16:35:03,0.0,0.1,0.0,99.8,0.0
2025-01-20 16:35:33,0.1,0.3,0.0,99.7,0.0
2025-01-20 16:36:03,0.1,0.2,0.0,99.7,0.0
2025-01-20 16:36:33,0.0,0.0,0.0,100.0,0.0
2025-01-20 16:37:03,0.0,0.0,0.0,100.0,0.0
2025-01-20 16:37:33,0.0,0.0,0.0,100.0,0.0
2025-01-20 16:38:03,0.0,0.2,0.0,99.8,0.0
2025-01-20 16:38:33,0.0,0.1,0.0,99.9,0.0
2025-01-20 16:39:03,0.0,0.0,0.0,100.0,0.0
2025-01-20 16:39:33,0.0,0.1,0.0,99.9,0.0
2025-01-20 16:40:03,0.0,0.1,0.0,99.9,0.0
2025-01-20 16:40:33,0.0,0.0,0.0,100.0,0.0
2025-01-20 16:41:03,0.0,0.0,0.0,100.0,0.0
2025-01-20 16:41:33,0.0,0.0,0.0,100.0,0.0
2025-01-20 16:42:03,0.0,0.1,0.0,99.9,0.0
2025-01-20 16:42:33,0.0,0.1,0.0,99.9,0.0
2025-01-20 16:43:03,0.0,0.3,0.0,99.7,0.0
2025-01-20 16:43:33,0.0,0.1,0.0,99.9,0.0
2025-01-20 16:44:03,0.1,0.5,0.0,99.4,0.0
2025-01-20 16:44:33,0.0,0.0,0.0,100.0,0.0
2025-01-20 16:45:03,0.1,0.2,0.0,99.8,0.0
2025-01-20 16:45:33,0.0,0.0,0.0,100.0,0.0
2025-01-20 16:46:03,0.0,0.0,0.0,100.0,0.0
2025-01-20 16:46:33,0.0,0.1,0.0,99.9,0.0
2025-01-20 16:47:03,0.1,0.1,0.0,99.8,0.0
2025-01-20 16:47:33,0.0,0.0,0.0,100.0,0.0
2025-01-20 16:48:03,0.0,0.3,0.0,99.6,0.0
2025-01-20 16:48:33,0.0,0.0,0.0,100.0,0.0
2025-01-20 16:49:03,0.0,0.0,0.0,100.0,0.0
2025-01-20 16:49:33,0.0,0.0,0.0,100.0,0.0
2025-01-20 16:50:03,0.1,0.3,0.0,99.6,0.0
2025-01-20 16:50:33,0.0,0.1,0.0,99.8,0.0
2025-01-20 16:51:03,0.0,0.0,0.0,100.0,0.0
2025-01-20 16:51:33,0.0,0.0,0.0,100.0,0.0
2025-01-20 16:52:03,0.1,0.4,0.0,99.5,0.0
2025-01-20 16:52:33,0.1,0.2,0.0,99.7,0.0
2025-01-20 16:53:03,0.0,0.0,0.0,100.0,0.0
2025-01-20 16:53:33,0.0,0.0,0.0,100.0,0.0
2025-01-20 16:54:03,0.0,0.0,0.0,100.0,0.0
2025-01-20 16:54:33,0.0,0.0,0.0,100.0,0.0
2025-01-20 16:55:03,0.0,0.1,0.0,99.9,0.0
2025-01-20 16:55:33,0.0,0.0,0.0,100.0,0.0
2025-01-20 16:56:03,0.0,0.0,0.0,100.0,0.0
2025-01-20 16:56:33,0.0,0.0,0.0,100.0,0.0
2025-01-20 16:57:03,0.0,0.1,0.0,99.9,0.0
2025-01-20 16:57:33,0.0,0.1,0.0,99.9,0.0
2025-01-20 16:58:03,0.0,0.1,0.0,99.9,0.0
2025-01-20 16:58:33,0.0,0.1,0.0,99.9,0.0
2025-01-20 16:59:03,0.0,0.0,0.0,100.0,0.0
2025-01-20 16:59:33,0.0,0.1,0.0,99.9,0.0
2025-01-20 17:00:03,0.0,0.0,0.0,100.0,0.0
2025-01-20 17:00:33,0.0,0.0,0.0,100.0,0.0
2025-01-20 17:01:03,0.0,0.0,0.0,100.0,0.0
2025-01-20 17:01:33,0.1,0.0,0.0,99.9,0.0
2025-01-20 17:02:03,0.0,0.1,0.0,99.9,0.0
2025-01-20 17:02:33,0.0,0.1,0.0,99.9,0.0
2025-01-20 17:03:03,0.0,0.1,0.0,99.9,0.0
2025-01-20 17:03:33,0.0,0.0,0.0,100.0,0.0
2025-01-20 17:04:03,0.0,0.1,0.0,99.9,0.0
2025-01-20 17:04:34,0.1,0.1,0.0,99.8,0.0
2025-01-20 17:05:04,0.0,0.2,0.0,99.8,0.0
2025-01-20 17:05:34,0.0,0.1,0.0,99.9,0.0
2025-01-20 17:06:04,0.0,0.0,0.0,100.0,0.0
2025-01-20 17:06:34,0.0,0.0,0.0,100.0,0.0
2025-01-20 17:07:04,0.0,0.0,0.0,100.0,0.0
2025-01-20 17:07:34,0.0,0.0,0.0,100.0,0.0
2025-01-20 17:08:04,0.0,0.0,0.0,100.0,0.0
2025-01-20 17:08:34,0.0,0.0,0.0,100.0,0.0
2025-01-20 17:09:04,0.0,0.0,0.0,100.0,0.0
2025-01-20 17:09:34,0.0,0.1,0.0,99.9,0.0
2025-01-20 17:10:04,0.0,0.1,0.0,99.9,0.0
2025-01-20 17:10:34,0.0,0.1,0.0,99.9,0.0
2025-01-20 17:11:04,0.0,0.1,0.0,99.9,0.0
2025-01-20 17:11:33,0.0,0.0,0.0,100.0,0.0
2025-01-20 17:12:03,0.1,0.1,0.0,99.8,0.0
2025-01-20 17:12:33,0.0,0.1,0.0,99.9,0.0
2025-01-20 17:13:03,0.0,0.1,0.0,99.9,0.0
2025-01-20 17:13:33,0.0,0.1,0.0,99.9,0.0
2025-01-20 17:14:03,0.0,0.1,0.0,99.9,0.0
2025-01-20 17:14:33,0.0,0.0,0.0,100.0,0.0
2025-01-20 17:15:03,0.0,0.0,0.0,100.0,0.0
2025-01-20 17:15:33,0.0,0.0,0.0,99.9,0.0
2025-01-20 17:16:03,0.0,0.3,0.0,99.7,0.0
2025-01-20 17:16:33,0.0,0.0,0.0,100.0,0.0
2025-01-20 17:17:03,0.0,0.2,0.0,99.7,0.0
2025-01-20 17:17:33,0.0,0.0,0.0,100.0,0.0
2025-01-20 17:18:03,0.0,0.1,0.0,99.9,0.0
2025-01-20 17:18:33,0.0,0.0,0.0,100.0,0.0
2025-01-20 17:19:03,0.0,0.0,0.0,100.0,0.0
2025-01-20 17:19:33,0.0,0.1,0.0,99.9,0.0
2025-01-20 17:20:03,0.0,0.1,0.0,99.9,0.0
2025-01-20 17:20:33,0.0,0.0,0.0,100.0,0.0
2025-01-20 17:21:03,0.0,0.1,0.0,99.9,0.0
2025-01-20 17:21:33,0.0,0.0,0.0,99.9,0.0
2025-01-20 17:22:03,0.9,0.2,0.0,98.9,0.0
2025-01-20 17:22:33,0.1,0.5,0.0,99.4,0.0
2025-01-20 17:23:03,0.0,0.0,0.0,100.0,0.0
2025-01-20 17:23:33,0.0,0.0,0.0,100.0,0.0
2025-01-20 17:24:03,0.1,0.1,0.0,99.9,0.0
2025-01-20 17:24:33,0.0,0.1,0.0,99.9,0.0
2025-01-20 17:25:03,0.0,0.1,0.0,99.9,0.0
2025-01-20 17:25:33,0.0,0.1,0.0,99.9,0.0
2025-01-20 17:26:03,0.0,0.1,0.0,99.9,0.0
2025-01-20 17:26:33,0.0,0.0,0.0,100.0,0.0
2025-01-20 17:27:03,0.0,0.1,0.0,99.9,0.0
2025-01-20 17:27:33,0.0,0.0,0.0,100.0,0.0
2025-01-20 17:28:03,0.0,0.1,0.0,99.9,0.0
2025-01-20 17:28:33,0.0,0.1,0.0,99.9,0.0
2025-01-20 17:29:03,0.0,0.0,0.0,100.0,0.0
2025-01-20 17:29:33,0.1,0.3,0.0,99.6,0.0
2025-01-20 17:30:03,0.0,0.3,0.0,99.7,0.0
2025-01-20 17:30:33,0.0,0.1,0.0,99.9,0.0
2025-01-20 17:31:03,0.1,0.3,0.0,99.6,0.0
2025-01-20 17:31:33,0.0,0.0,0.0,100.0,0.0
2025-01-20 17:32:03,0.0,0.1,0.0,99.9,0.0
2025-01-20 17:32:33,0.0,0.1,0.0,99.9,0.0
2025-01-20 17:33:03,0.0,0.3,0.0,99.7,0.0
2025-01-20 17:33:33,0.0,0.1,0.0,99.9,0.0
2025-01-20 17:34:03,0.0,0.0,0.0,99.9,0.0
2025-01-20 17:34:33,0.0,0.0,0.0,100.0,0.0
2025-01-20 17:35:03,0.0,0.0,0.0,100.0,0.0
2025-01-20 17:35:33,0.0,0.0,0.0,100.0,0.0
2025-01-20 17:36:03,0.0,0.0,0.0,100.0,0.0
2025-01-20 17:36:33,0.0,0.0,0.0,100.0,0.0
2025-01-20 17:37:03,0.0,0.1,0.0,99.9,0.0
2025-01-20 17:37:33,0.0,0.1,0.0,99.9,0.0
2025-01-20 17:38:03,0.0,0.4,0.0,99.6,0.0
2025-01-20 17:38:33,0.1,0.2,0.0,99.7,0.0
2025-01-20 17:39:03,0.0,0.1,0.0,99.8,0.0
2025-01-20 17:39:33,0.0,0.1,0.0,99.9,0.0
2025-01-20 17:40:03,0.0,0.1,0.0,99.9,0.0
2025-01-20 17:40:34,0.0,0.0,0.0,100.0,0.0
2025-01-20 17:41:04,0.0,0.2,0.0,99.7,0.0
2025-01-20 17:41:34,0.0,0.1,0.0,99.9,0.0
2025-01-20 17:42:04,0.0,0.2,0.0,99.8,0.0
2025-01-20 17:42:34,0.0,0.3,0.0,99.7,0.0
2025-01-20 17:43:04,0.0,0.1,0.0,99.9,0.0
2025-01-20 17:43:34,0.0,0.0,0.0,100.0,0.0
2025-01-20 17:44:04,0.0,0.0,0.0,99.9,0.0
2025-01-20 17:44:34,0.0,0.1,0.0,99.9,0.0
2025-01-20 17:45:04,0.0,0.1,0.0,99.9,0.0
2025-01-20 17:45:34,0.0,0.0,0.0,100.0,0.0
2025-01-20 17:46:04,0.0,0.0,0.0,99.9,0.0
2025-01-20 17:46:34,0.9,0.2,0.0,98.9,0.0
2025-01-20 17:47:04,1.0,0.2,0.0,98.8,0.0
2025-01-20 17:47:34,0.0,0.0,0.0,99.9,0.0
2025-01-20 17:48:04,0.0,0.1,0.0,99.9,0.0
2025-01-20 17:48:33,0.0,0.1,0.0,99.9,0.0
2025-01-20 17:49:03,0.0,0.0,0.0,99.9,0.0
2025-01-20 17:49:33,0.0,0.0,0.0,100.0,0.0
2025-01-20 17:50:03,0.2,0.3,0.0,99.5,0.0
2025-01-20 17:50:33,0.0,0.0,0.0,99.9,0.0
2025-01-20 17:51:03,0.0,0.1,0.0,99.9,0.0
2025-01-20 17:51:33,0.0,0.1,0.0,99.9,0.0
2025-01-20 17:52:03,0.0,0.1,0.0,99.9,0.0
2025-01-20 17:52:33,0.0,0.0,0.0,100.0,0.0
2025-01-20 17:53:03,0.0,0.1,0.0,99.9,0.0
2025-01-20 17:53:33,0.0,0.0,0.0,99.9,0.0
2025-01-20 17:54:03,0.0,0.2,0.0,99.8,0.0
2025-01-20 17:54:33,0.0,0.0,0.0,99.9,0.0
2025-01-20 17:55:03,0.0,0.0,0.0,99.9,0.0
2025-01-20 17:55:33,0.0,0.1,0.0,99.9,0.0
2025-01-20 17:56:03,0.1,0.1,0.0,99.8,0.0
2025-01-20 17:56:33,0.1,0.1,0.0,99.8,0.0
2025-01-20 17:57:03,0.0,0.1,0.0,99.9,0.0
2025-01-20 17:57:33,0.0,0.0,0.0,100.0,0.0
2025-01-20 17:58:03,0.0,0.0,0.0,99.9,0.0
2025-01-20 17:58:33,0.0,0.0,0.0,100.0,0.0
2025-01-20 17:59:03,0.1,0.3,0.0,99.6,0.0
2025-01-20 17:59:33,0.0,0.0,0.0,100.0,0.0
2025-01-20 18:00:03,0.0,0.0,0.0,100.0,0.0
2025-01-20 18:00:33,0.0,0.0,0.0,100.0,0.0
2025-01-20 18:01:03,0.0,0.0,0.0,99.9,0.0
2025-01-20 18:01:33,0.1,0.1,0.0,99.8,0.0
2025-01-20 18:02:03,0.1,0.3,0.0,99.6,0.0
2025-01-20 18:02:33,0.0,0.0,0.0,100.0,0.0
2025-01-20 18:03:03,0.0,0.0,0.0,100.0,0.0
2025-01-20 18:03:33,0.0,0.0,0.0,100.0,0.0
2025-01-20 18:04:03,0.0,0.0,0.0,100.0,0.0
2025-01-20 18:04:33,0.0,0.0,0.0,100.0,0.0
2025-01-20 18:05:03,0.0,0.0,0.0,100.0,0.0
2025-01-20 18:05:33,0.1,0.2,0.0,99.8,0.0
2025-01-20 18:06:03,0.0,0.0,0.0,100.0,0.0
2025-01-20 18:06:33,0.0,0.0,0.0,99.9,0.0
2025-01-20 18:07:03,0.0,0.1,0.0,99.9,0.0
2025-01-20 18:07:33,0.0,0.0,0.0,100.0,0.0
2025-01-20 18:08:03,0.1,0.2,0.0,99.7,0.0
2025-01-20 18:08:33,0.1,0.2,0.0,99.7,0.0
2025-01-20 18:09:03,0.0,0.0,0.0,100.0,0.0
2025-01-20 18:09:33,0.0,0.1,0.0,99.9,0.0
2025-01-20 18:10:03,0.1,0.3,0.0,99.7,0.0
2025-01-20 18:10:33,0.0,0.0,0.0,100.0,0.0
2025-01-20 18:11:03,0.1,0.3,0.0,99.6,0.0
2025-01-20 18:11:33,0.0,0.1,0.0,99.9,0.0
2025-01-20 18:12:03,0.0,0.3,0.0,99.7,0.0
2025-01-20 18:12:33,0.0,0.0,0.0,100.0,0.0
2025-01-20 18:13:03,0.1,0.1,0.0,99.8,0.0
2025-01-20 18:13:33,0.1,0.2,0.0,99.7,0.0
2025-01-20 18:14:03,0.0,0.4,0.0,99.6,0.0
2025-01-20 18:14:33,0.0,0.0,0.0,100.0,0.0
2025-01-20 18:15:03,0.0,0.0,0.0,100.0,0.0
2025-01-20 18:15:33,0.0,0.0,0.0,99.9,0.0
2025-01-20 18:16:03,0.0,0.0,0.0,100.0,0.0
2025-01-20 18:16:34,0.0,0.0,0.0,100.0,0.0
2025-01-20 18:17:04,0.0,0.0,0.0,100.0,0.0
2025-01-20 18:17:34,0.0,0.3,0.0,99.7,0.0
2025-01-20 18:18:04,0.1,0.1,0.0,99.9,0.0
2025-01-20 18:18:34,0.0,0.0,0.0,100.0,0.0
2025-01-20 18:19:04,0.2,0.3,0.0,99.5,0.0
2025-01-20 18:19:34,0.1,0.2,0.0,99.7,0.0
2025-01-20 18:20:04,0.0,0.0,0.0,100.0,0.0
2025-01-20 18:20:34,0.0,0.1,0.0,99.9,0.0
2025-01-20 18:21:04,0.0,0.1,0.0,99.9,0.0
2025-01-20 18:21:34,0.0,0.0,0.0,99.9,0.0
2025-01-20 18:22:04,0.0,0.1,0.0,99.9,0.0
2025-01-20 18:22:34,0.1,0.2,0.0,99.7,0.0
2025-01-20 18:23:04,0.0,0.0,0.0,100.0,0.0
2025-01-20 18:23:34,0.0,0.0,0.0,100.0,0.0
2025-01-20 18:24:04,0.0,0.1,0.0,99.9,0.0
2025-01-20 18:24:34,0.0,0.0,0.0,100.0,0.0
2025-01-20 18:25:04,0.0,0.1,0.0,99.9,0.0
2025-01-20 18:25:33,0.0,0.0,0.0,100.0,0.0
2025-01-20 18:26:03,0.0,0.1,0.0,99.8,0.0
2025-01-20 18:26:33,0.0,0.0,0.0,100.0,0.0
2025-01-20 18:27:03,0.0,0.1,0.0,99.9,0.0
2025-01-20 18:27:33,0.1,0.3,0.0,99.7,0.0
2025-01-20 18:28:03,0.2,0.5,0.0,99.3,0.0
2025-01-20 18:28:33,0.0,0.0,0.0,100.0,0.0
2025-01-20 18:29:03,0.0,0.1,0.0,99.9,0.0
2025-01-20 18:29:33,0.0,0.1,0.0,99.9,0.0
2025-01-20 18:30:03,0.1,0.3,0.0,99.7,0.0
2025-01-20 18:30:33,0.2,0.1,0.0,99.7,0.0
2025-01-20 18:31:03,0.0,0.0,0.0,100.0,0.0
2025-01-20 18:31:33,0.0,0.0,0.0,100.0,0.0
2025-01-20 18:32:03,0.0,0.1,0.0,99.9,0.0
2025-01-20 18:32:33,0.0,0.1,0.0,99.9,0.0
2025-01-20 18:33:03,0.1,0.1,0.0,99.9,0.0
2025-01-20 18:33:33,0.1,0.3,0.0,99.6,0.0
2025-01-20 18:34:03,0.1,0.4,0.0,99.5,0.0
2025-01-20 18:34:33,0.0,0.0,0.0,99.9,0.0
2025-01-20 18:35:03,0.1,0.1,0.0,99.8,0.0
2025-01-20 18:35:33,0.0,0.0,0.0,99.9,0.0
2025-01-20 18:36:03,0.1,0.3,0.0,99.6,0.0
2025-01-20 18:36:33,0.0,0.1,0.0,99.9,0.0
2025-01-20 18:37:03,0.3,0.1,0.0,99.6,0.0
2025-01-20 18:37:33,0.1,0.0,0.0,99.9,0.0
2025-01-20 18:38:03,0.1,0.1,0.0,99.8,0.0
2025-01-20 18:38:33,0.0,0.1,0.0,99.8,0.0
2025-01-20 18:39:03,0.0,0.0,0.0,99.9,0.0
2025-01-20 18:39:33,0.0,0.0,0.0,100.0,0.0
2025-01-20 18:40:03,0.1,0.6,0.0,99.3,0.0
2025-01-20 18:40:33,0.1,0.1,0.0,99.9,0.0
2025-01-20 18:41:03,0.1,0.3,0.0,99.6,0.0
2025-01-20 18:41:33,0.0,0.0,0.0,100.0,0.0
2025-01-20 18:42:03,1.8,0.3,0.0,98.0,0.0
2025-01-20 18:42:33,0.0,0.0,0.0,100.0,0.0
2025-01-20 18:43:03,0.0,0.0,0.0,100.0,0.0
2025-01-20 18:43:33,0.0,0.1,0.0,99.9,0.0
2025-01-20 18:44:03,0.2,0.3,0.0,99.4,0.0
2025-01-20 18:44:33,0.0,0.0,0.0,99.9,0.0
2025-01-20 18:45:03,0.0,0.1,0.0,99.9,0.0
2025-01-20 18:45:33,0.0,0.1,0.0,99.9,0.0
2025-01-20 18:46:03,0.0,0.0,0.0,100.0,0.0
2025-01-20 18:46:33,0.0,0.0,0.0,100.0,0.0
2025-01-20 18:47:03,0.7,0.3,0.0,99.0,0.0
2025-01-20 18:47:33,0.0,0.0,0.0,99.9,0.0
2025-01-20 18:48:03,0.0,0.0,0.0,99.9,0.0
2025-01-20 18:48:33,0.2,0.4,0.0,99.4,0.0
2025-01-20 18:49:03,0.0,0.0,0.0,100.0,0.0
2025-01-20 18:49:33,0.0,0.0,0.0,100.0,0.0
2025-01-20 18:50:03,0.0,0.1,0.0,99.9,0.0
2025-01-20 18:50:33,0.1,0.1,0.0,99.8,0.0
2025-01-20 18:51:04,0.0,0.1,0.0,99.9,0.0
2025-01-20 18:51:34,0.0,0.0,0.0,100.0,0.0
2025-01-20 18:52:04,0.1,0.1,0.0,99.9,0.0
2025-01-20 18:52:34,0.0,0.0,0.0,100.0,0.0
2025-01-20 18:53:04,0.0,0.0,0.0,100.0,0.0
2025-01-20 18:53:34,0.0,0.0,0.0,100.0,0.0
2025-01-20 18:54:04,0.0,0.1,0.0,99.9,0.0
2025-01-20 18:54:34,0.0,0.0,0.0,100.0,0.0
2025-01-20 18:55:04,0.0,0.0,0.0,100.0,0.0
2025-01-20 18:55:34,0.0,0.1,0.0,99.9,0.0
2025-01-20 18:56:04,0.0,0.0,0.0,100.0,0.0
2025-01-20 18:56:34,0.0,0.0,0.0,100.0,0.0
2025-01-20 18:57:04,0.0,0.1,0.0,99.9,0.0
2025-01-20 18:57:34,0.0,0.0,0.0,100.0,0.0
2025-01-20 18:58:04,0.0,0.2,0.0,99.8,0.0
2025-01-20 18:58:34,0.0,0.0,0.0,100.0,0.0
2025-01-20 18:59:04,0.0,0.2,0.0,99.7,0.0
2025-01-20 18:59:33,0.0,0.1,0.0,99.9,0.0
2025-01-20 19:00:03,0.0,0.1,0.0,99.9,0.0
2025-01-20 19:00:33,0.1,0.3,0.0,99.6,0.0
2025-01-20 19:01:03,0.0,0.1,0.0,99.9,0.0
2025-01-20 19:01:33,0.0,0.0,0.0,99.9,0.0
2025-01-20 19:02:03,0.7,0.1,0.0,99.2,0.0
2025-01-20 19:02:33,0.0,0.0,0.0,100.0,0.0
2025-01-20 19:03:03,0.1,0.2,0.0,99.7,0.0
2025-01-20 19:03:33,0.0,0.0,0.0,100.0,0.0
2025-01-20 19:04:03,0.0,0.0,0.0,100.0,0.0
2025-01-20 19:04:33,0.0,0.1,0.0,99.9,0.0
2025-01-20 19:05:03,0.0,0.0,0.0,100.0,0.0
2025-01-20 19:05:33,0.0,0.0,0.0,100.0,0.0
2025-01-20 19:06:03,0.1,0.3,0.0,99.6,0.0
2025-01-20 19:06:33,0.1,0.6,0.0,99.3,0.0
2025-01-20 19:07:03,0.0,0.0,0.0,100.0,0.0
2025-01-20 19:07:33,0.0,0.1,0.0,99.9,0.0
2025-01-20 19:08:03,0.0,0.1,0.0,99.9,0.0
2025-01-20 19:08:33,0.0,0.0,0.0,99.9,0.0
2025-01-20 19:09:03,0.1,0.1,0.0,99.8,0.0
2025-01-20 19:09:33,0.0,0.0,0.0,100.0,0.0
2025-01-20 19:10:03,0.1,0.3,0.0,99.7,0.0
2025-01-20 19:10:33,0.0,0.1,0.0,99.9,0.0
2025-01-20 19:11:03,0.1,0.0,0.0,99.9,0.0
2025-01-20 19:11:33,0.0,0.1,0.0,99.9,0.0
2025-01-20 19:12:03,0.7,0.3,0.0,99.0,0.0
2025-01-20 19:12:33,0.0,0.0,0.0,100.0,0.0
2025-01-20 19:13:03,0.1,0.1,0.0,99.9,0.0
2025-01-20 19:13:33,0.0,0.0,0.0,100.0,0.0
2025-01-20 19:14:03,0.0,0.1,0.0,99.9,0.0
2025-01-20 19:14:33,0.0,0.0,0.0,100.0,0.0
2025-01-20 19:15:03,0.0,0.0,0.0,100.0,0.0
2025-01-20 19:15:33,0.0,0.0,0.0,100.0,0.0
2025-01-20 19:16:03,0.0,0.2,0.0,99.8,0.0
2025-01-20 19:16:33,0.2,0.3,0.0,99.5,0.0
2025-01-20 19:17:03,0.8,0.4,0.0,98.8,0.0
2025-01-20 19:17:33,0.0,0.0,0.0,100.0,0.0
2025-01-20 19:18:03,0.0,0.0,0.0,100.0,0.0
2025-01-20 19:18:33,0.1,0.3,0.0,99.6,0.0
2025-01-20 19:19:03,0.0,0.3,0.0,99.7,0.0
2025-01-20 19:19:33,0.0,0.0,0.0,100.0,0.0
2025-01-20 19:20:03,0.0,0.3,0.0,99.6,0.0
2025-01-20 19:20:33,0.0,0.0,0.0,100.0,0.0
2025-01-20 19:21:03,0.0,0.0,0.0,100.0,0.0
2025-01-20 19:21:33,0.0,0.0,0.0,100.0,0.0
2025-01-20 19:22:03,0.0,0.1,0.0,99.9,0.0
2025-01-20 19:22:33,0.0,0.0,0.0,100.0,0.0
2025-01-20 19:23:03,0.0,0.0,0.0,100.0,0.0
2025-01-20 19:23:33,0.0,0.0,0.0,100.0,0.0
2025-01-20 19:24:04,0.1,0.3,0.0,99.6,0.0
2025-01-20 19:24:34,0.0,0.0,0.0,100.0,0.0
2025-01-20 19:25:04,0.0,0.0,0.0,100.0,0.0
2025-01-20 19:25:34,0.1,0.3,0.0,99.6,0.0
2025-01-20 19:26:04,0.0,0.0,0.0,100.0,0.0
2025-01-20 19:26:34,0.0,0.0,0.0,100.0,0.0
2025-01-20 19:27:04,0.8,0.2,0.0,99.0,0.0
2025-01-20 19:27:34,0.0,0.3,0.0,99.7,0.0
2025-01-20 19:28:04,0.0,0.1,0.0,99.9,0.0
2025-01-20 19:28:34,0.1,0.1,0.0,99.8,0.0
2025-01-20 19:29:04,0.0,0.1,0.0,99.9,0.0
2025-01-20 19:29:34,0.0,0.0,0.0,100.0,0.0
2025-01-20 19:30:04,0.0,0.1,0.0,99.9,0.0
2025-01-20 19:30:34,0.0,0.0,0.0,100.0,0.0
2025-01-20 19:31:04,0.1,0.3,0.0,99.6,0.0
2025-01-20 19:31:34,0.1,0.0,0.0,99.9,0.0
2025-01-20 19:32:04,0.0,0.2,0.0,99.8,0.0
2025-01-20 19:32:33,0.0,0.0,0.0,99.9,0.0
2025-01-20 19:33:03,0.0,0.0,0.0,100.0,0.0
2025-01-20 19:33:33,0.0,0.0,0.0,100.0,0.0
2025-01-20 19:34:03,0.0,0.0,0.0,100.0,0.0
2025-01-20 19:34:33,0.0,0.0,0.0,99.9,0.0
2025-01-20 19:35:03,0.0,0.0,0.0,100.0,0.0
2025-01-20 19:35:33,0.0,0.0,0.0,100.0,0.0
2025-01-20 19:36:03,0.0,0.1,0.0,99.9,0.0
2025-01-20 19:36:33,0.0,0.0,0.0,100.0,0.0
2025-01-20 19:37:03,0.1,0.3,0.0,99.6,0.0
2025-01-20 19:37:33,0.0,0.0,0.0,100.0,0.0
2025-01-20 19:38:03,0.0,0.0,0.0,100.0,0.0
2025-01-20 19:38:33,0.0,0.1,0.0,99.9,0.0
2025-01-20 19:39:03,0.0,0.1,0.0,99.9,0.0
2025-01-20 19:39:33,0.0,0.0,0.0,100.0,0.0
2025-01-20 19:40:03,0.0,0.0,0.0,100.0,0.0
2025-01-20 19:40:33,0.0,0.1,0.0,99.9,0.0
2025-01-20 19:41:03,0.1,0.1,0.0,99.8,0.0
2025-01-20 19:41:33,0.0,0.1,0.0,99.9,0.0
2025-01-20 19:42:03,0.1,0.5,0.0,99.4,0.0
2025-01-20 19:42:33,0.0,0.0,0.0,100.0,0.0
2025-01-20 19:43:03,0.0,0.1,0.0,99.9,0.0
2025-01-20 19:43:33,0.2,0.3,0.0,99.6,0.0
2025-01-20 19:44:03,0.0,0.1,0.0,99.9,0.0
2025-01-20 19:44:33,0.1,0.3,0.0,99.6,0.0
2025-01-20 19:45:03,0.1,0.1,0.0,99.9,0.0
2025-01-20 19:45:33,0.0,0.1,0.0,99.9,0.0
2025-01-20 19:46:03,0.0,0.1,0.0,99.9,0.0
2025-01-20 19:46:33,0.0,0.0,0.0,100.0,0.0
2025-01-20 19:47:03,0.0,0.1,0.0,99.9,0.0
2025-01-20 19:47:33,0.0,0.1,0.0,99.9,0.0
2025-01-20 19:48:03,0.0,0.0,0.0,100.0,0.0
2025-01-20 19:48:33,0.1,0.1,0.0,99.8,0.0
2025-01-20 19:49:03,0.0,0.0,0.0,100.0,0.0
2025-01-20 19:49:33,0.0,0.0,0.0,100.0,0.0
2025-01-20 19:50:03,0.1,0.1,0.0,99.8,0.0
2025-01-20 19:50:33,0.0,0.1,0.0,99.9,0.0
2025-01-20 19:51:03,0.0,0.1,0.0,99.8,0.0
2025-01-20 19:51:33,0.1,0.3,0.0,99.6,0.0
2025-01-20 19:52:03,0.0,0.0,0.0,100.0,0.0
2025-01-20 19:52:33,0.0,0.1,0.0,99.8,0.0
2025-01-20 19:53:03,0.0,0.1,0.0,99.9,0.0
2025-01-20 19:53:33,0.0,0.1,0.0,99.9,0.0
2025-01-20 19:54:03,0.1,0.2,0.0,99.8,0.0
2025-01-20 19:54:33,0.1,0.1,0.0,99.8,0.0
2025-01-20 19:55:03,0.0,0.1,0.0,99.9,0.0
2025-01-20 19:55:34,0.0,0.0,0.0,100.0,0.0
2025-01-20 19:56:04,0.0,0.1,0.0,99.9,0.0
2025-01-20 19:56:34,0.1,0.0,0.0,99.9,0.0
2025-01-20 19:57:04,0.0,0.1,0.0,99.8,0.0
2025-01-20 19:57:34,0.1,0.1,0.0,99.8,0.0
2025-01-20 19:58:04,0.0,0.0,0.0,99.9,0.0
2025-01-20 19:58:34,0.0,0.0,0.0,100.0,0.0
2025-01-20 19:59:04,0.0,0.0,0.0,100.0,0.0
2025-01-20 19:59:34,0.1,0.1,0.0,99.8,0.0
