Processes his02,Runnable,Blocked,pswitch,syscall,read,write,fork,exec,sem,msg
2025-01-20 08:00:02,4,2,0.0,-1.0,-1.0,-1.0,0.0,-1.0,-1.0,-1.0
2025-01-20 08:00:32,4,0,26104.2,-1.0,-1.0,-1.0,17.8,-1.0,-1.0,-1.0
2025-01-20 08:01:02,5,1,19671.9,-1.0,-1.0,-1.0,16.8,-1.0,-1.0,-1.0
2025-01-20 08:01:32,3,1,21543.4,-1.0,-1.0,-1.0,12.6,-1.0,-1.0,-1.0
2025-01-20 08:02:02,4,0,22786.3,-1.0,-1.0,-1.0,32.4,-1.0,-1.0,-1.0
2025-01-20 08:02:33,5,0,20940.4,-1.0,-1.0,-1.0,13.1,-1.0,-1.0,-1.0
2025-01-20 08:03:03,6,2,25231.9,-1.0,-1.0,-1.0,11.2,-1.0,-1.0,-1.0
2025-01-20 08:03:33,7,1,26219.3,-1.0,-1.0,-1.0,12.8,-1.0,-1.0,-1.0
2025-01-20 08:04:03,6,2,32275.7,-1.0,-1.0,-1.0,16.4,-1.0,-1.0,-1.0
2025-01-20 08:04:33,4,1,29923.4,-1.0,-1.0,-1.0,13.1,-1.0,-1.0,-1.0
2025-01-20 08:05:03,4,2,30091.3,-1.0,-1.0,-1.0,13.2,-1.0,-1.0,-1.0
2025-01-20 08:05:33,6,1,32653.7,-1.0,-1.0,-1.0,14.7,-1.0,-1.0,-1.0
2025-01-20 08:06:03,2,1,28333.5,-1.0,-1.0,-1.0,20.0,-1.0,-1.0,-1.0
2025-01-20 08:06:33,6,1,25156.3,-1.0,-1.0,-1.0,13.2,-1.0,-1.0,-1.0
2025-01-20 08:07:03,4,2,26816.0,-1.0,-1.0,-1.0,31.8,-1.0,-1.0,-1.0
2025-01-20 08:07:33,3,2,27401.4,-1.0,-1.0,-1.0,11.8,-1.0,-1.0,-1.0
2025-01-20 08:08:03,1,2,25892.1,-1.0,-1.0,-1.0,13.3,-1.0,-1.0,-1.0
2025-01-20 08:08:33,5,2,26222.5,-1.0,-1.0,-1.0,13.9,-1.0,-1.0,-1.0
2025-01-20 08:09:03,3,1,23307.5,-1.0,-1.0,-1.0,11.2,-1.0,-1.0,-1.0
2025-01-20 08:09:33,6,1,23933.3,-1.0,-1.0,-1.0,13.9,-1.0,-1.0,-1.0
2025-01-20 08:10:03,3,1,22538.1,-1.0,-1.0,-1.0,17.9,-1.0,-1.0,-1.0
2025-01-20 08:10:33,1,2,22529.3,-1.0,-1.0,-1.0,15.0,-1.0,-1.0,-1.0
2025-01-20 08:11:03,4,0,24396.8,-1.0,-1.0,-1.0,16.4,-1.0,-1.0,-1.0
2025-01-20 08:11:33,4,1,24676.1,-1.0,-1.0,-1.0,12.7,-1.0,-1.0,-1.0
2025-01-20 08:12:03,2,2,24193.6,-1.0,-1.0,-1.0,32.0,-1.0,-1.0,-1.0
2025-01-20 08:12:33,3,1,23841.6,-1.0,-1.0,-1.0,16.1,-1.0,-1.0,-1.0
2025-01-20 08:13:03,3,2,25151.5,-1.0,-1.0,-1.0,14.2,-1.0,-1.0,-1.0
2025-01-20 08:13:33,2,1,25141.6,-1.0,-1.0,-1.0,13.1,-1.0,-1.0,-1.0
2025-01-20 08:14:03,2,1,24891.9,-1.0,-1.0,-1.0,16.2,-1.0,-1.0,-1.0
2025-01-20 08:14:33,1,2,24243.6,-1.0,-1.0,-1.0,16.0,-1.0,-1.0,-1.0
2025-01-20 08:15:03,6,3,27557.2,-1.0,-1.0,-1.0,14.4,-1.0,-1.0,-1.0
2025-01-20 08:15:33,5,2,26977.6,-1.0,-1.0,-1.0,14.2,-1.0,-1.0,-1.0
2025-01-20 08:16:03,3,2,24546.7,-1.0,-1.0,-1.0,21.0,-1.0,-1.0,-1.0
2025-01-20 08:16:33,3,1,26484.2,-1.0,-1.0,-1.0,15.5,-1.0,-1.0,-1.0
2025-01-20 08:17:03,6,1,24208.3,-1.0,-1.0,-1.0,29.3,-1.0,-1.0,-1.0
2025-01-20 08:17:33,5,1,24909.1,-1.0,-1.0,-1.0,14.3,-1.0,-1.0,-1.0
2025-01-20 08:18:03,4,0,23600.0,-1.0,-1.0,-1.0,14.3,-1.0,-1.0,-1.0
2025-01-20 08:18:33,3,1,26926.7,-1.0,-1.0,-1.0,13.6,-1.0,-1.0,-1.0
2025-01-20 08:19:03,3,1,23749.7,-1.0,-1.0,-1.0,12.1,-1.0,-1.0,-1.0
2025-01-20 08:19:33,5,2,23877.7,-1.0,-1.0,-1.0,15.7,-1.0,-1.0,-1.0
2025-01-20 08:20:03,4,1,25363.2,-1.0,-1.0,-1.0,18.8,-1.0,-1.0,-1.0
2025-01-20 08:20:33,2,2,25169.6,-1.0,-1.0,-1.0,13.7,-1.0,-1.0,-1.0
2025-01-20 08:21:03,3,1,23981.5,-1.0,-1.0,-1.0,18.2,-1.0,-1.0,-1.0
2025-01-20 08:21:33,3,2,25586.0,-1.0,-1.0,-1.0,14.2,-1.0,-1.0,-1.0
2025-01-20 08:22:03,2,2,25837.9,-1.0,-1.0,-1.0,32.1,-1.0,-1.0,-1.0
2025-01-20 08:22:33,4,1,25466.6,-1.0,-1.0,-1.0,13.2,-1.0,-1.0,-1.0
2025-01-20 08:23:03,4,1,25394.0,-1.0,-1.0,-1.0,11.3,-1.0,-1.0,-1.0
2025-01-20 08:23:33,2,2,25275.6,-1.0,-1.0,-1.0,14.3,-1.0,-1.0,-1.0
2025-01-20 08:24:03,4,1,24952.2,-1.0,-1.0,-1.0,15.0,-1.0,-1.0,-1.0
2025-01-20 08:24:33,4,1,24645.3,-1.0,-1.0,-1.0,16.2,-1.0,-1.0,-1.0
2025-01-20 08:25:03,7,3,25616.1,-1.0,-1.0,-1.0,13.1,-1.0,-1.0,-1.0
2025-01-20 08:25:33,7,1,26043.8,-1.0,-1.0,-1.0,16.2,-1.0,-1.0,-1.0
2025-01-20 08:26:03,8,1,24244.4,-1.0,-1.0,-1.0,18.9,-1.0,-1.0,-1.0
2025-01-20 08:26:33,5,1,23944.5,-1.0,-1.0,-1.0,16.5,-1.0,-1.0,-1.0
2025-01-20 08:27:03,2,1,27494.5,-1.0,-1.0,-1.0,31.3,-1.0,-1.0,-1.0
2025-01-20 08:27:33,3,1,28316.2,-1.0,-1.0,-1.0,12.1,-1.0,-1.0,-1.0
2025-01-20 08:28:03,4,1,28947.5,-1.0,-1.0,-1.0,14.3,-1.0,-1.0,-1.0
2025-01-20 08:28:33,4,2,28625.6,-1.0,-1.0,-1.0,13.8,-1.0,-1.0,-1.0
2025-01-20 08:29:03,5,0,26627.4,-1.0,-1.0,-1.0,13.0,-1.0,-1.0,-1.0
2025-01-20 08:29:33,5,0,26600.4,-1.0,-1.0,-1.0,14.9,-1.0,-1.0,-1.0
2025-01-20 08:30:03,2,2,24742.4,-1.0,-1.0,-1.0,17.3,-1.0,-1.0,-1.0
2025-01-20 08:30:33,2,1,25871.8,-1.0,-1.0,-1.0,16.4,-1.0,-1.0,-1.0
2025-01-20 08:31:03,3,0,26695.7,-1.0,-1.0,-1.0,15.7,-1.0,-1.0,-1.0
2025-01-20 08:31:33,5,1,24705.9,-1.0,-1.0,-1.0,12.7,-1.0,-1.0,-1.0
2025-01-20 08:32:02,4,1,25887.1,-1.0,-1.0,-1.0,33.9,-1.0,-1.0,-1.0
2025-01-20 08:32:32,3,3,27445.5,-1.0,-1.0,-1.0,14.0,-1.0,-1.0,-1.0
2025-01-20 08:33:02,3,1,25329.9,-1.0,-1.0,-1.0,10.7,-1.0,-1.0,-1.0
2025-01-20 08:33:33,5,1,28293.0,-1.0,-1.0,-1.0,15.8,-1.0,-1.0,-1.0
2025-01-20 08:34:03,3,1,29262.0,-1.0,-1.0,-1.0,14.8,-1.0,-1.0,-1.0
2025-01-20 08:34:33,4,1,29402.1,-1.0,-1.0,-1.0,14.4,-1.0,-1.0,-1.0
2025-01-20 08:35:03,3,3,28936.8,-1.0,-1.0,-1.0,14.1,-1.0,-1.0,-1.0
2025-01-20 08:35:33,5,0,27396.5,-1.0,-1.0,-1.0,13.4,-1.0,-1.0,-1.0
2025-01-20 08:36:03,5,1,28499.6,-1.0,-1.0,-1.0,20.7,-1.0,-1.0,-1.0
2025-01-20 08:36:33,1,3,25789.4,-1.0,-1.0,-1.0,14.5,-1.0,-1.0,-1.0
2025-01-20 08:37:03,4,0,29916.3,-1.0,-1.0,-1.0,31.5,-1.0,-1.0,-1.0
2025-01-20 08:37:33,4,1,25279.2,-1.0,-1.0,-1.0,12.5,-1.0,-1.0,-1.0
2025-01-20 08:38:03,4,1,24093.8,-1.0,-1.0,-1.0,13.2,-1.0,-1.0,-1.0
2025-01-20 08:38:33,4,1,24303.9,-1.0,-1.0,-1.0,15.1,-1.0,-1.0,-1.0
2025-01-20 08:39:03,5,0,24104.8,-1.0,-1.0,-1.0,13.4,-1.0,-1.0,-1.0
2025-01-20 08:39:33,7,1,25707.8,-1.0,-1.0,-1.0,13.8,-1.0,-1.0,-1.0
2025-01-20 08:40:03,3,1,25854.2,-1.0,-1.0,-1.0,17.3,-1.0,-1.0,-1.0
2025-01-20 08:40:33,4,2,26848.7,-1.0,-1.0,-1.0,14.3,-1.0,-1.0,-1.0
2025-01-20 08:41:03,7,1,28705.7,-1.0,-1.0,-1.0,17.4,-1.0,-1.0,-1.0
2025-01-20 08:41:33,6,1,25565.9,-1.0,-1.0,-1.0,11.3,-1.0,-1.0,-1.0
2025-01-20 08:42:03,3,1,24878.2,-1.0,-1.0,-1.0,33.4,-1.0,-1.0,-1.0
2025-01-20 08:42:33,3,1,25397.2,-1.0,-1.0,-1.0,13.6,-1.0,-1.0,-1.0
2025-01-20 08:43:03,2,2,24860.5,-1.0,-1.0,-1.0,12.5,-1.0,-1.0,-1.0
2025-01-20 08:43:33,3,1,24428.6,-1.0,-1.0,-1.0,13.6,-1.0,-1.0,-1.0
2025-01-20 08:44:03,4,1,23793.9,-1.0,-1.0,-1.0,14.4,-1.0,-1.0,-1.0
2025-01-20 08:44:33,3,1,26204.3,-1.0,-1.0,-1.0,14.8,-1.0,-1.0,-1.0
2025-01-20 08:45:03,1,2,24033.0,-1.0,-1.0,-1.0,13.2,-1.0,-1.0,-1.0
2025-01-20 08:45:33,3,2,25363.6,-1.0,-1.0,-1.0,13.9,-1.0,-1.0,-1.0
2025-01-20 08:46:03,3,1,28062.7,-1.0,-1.0,-1.0,21.6,-1.0,-1.0,-1.0
2025-01-20 08:46:33,4,2,26120.0,-1.0,-1.0,-1.0,14.9,-1.0,-1.0,-1.0
2025-01-20 08:47:03,4,2,26613.1,-1.0,-1.0,-1.0,30.5,-1.0,-1.0,-1.0
2025-01-20 08:47:33,3,1,26362.5,-1.0,-1.0,-1.0,12.5,-1.0,-1.0,-1.0
2025-01-20 08:48:03,4,2,26643.6,-1.0,-1.0,-1.0,12.9,-1.0,-1.0,-1.0
2025-01-20 08:48:33,5,2,27977.6,-1.0,-1.0,-1.0,14.8,-1.0,-1.0,-1.0
2025-01-20 08:49:03,5,1,24556.4,-1.0,-1.0,-1.0,11.4,-1.0,-1.0,-1.0
2025-01-20 08:49:33,4,2,24443.6,-1.0,-1.0,-1.0,14.4,-1.0,-1.0,-1.0
2025-01-20 08:50:03,2,2,27541.7,-1.0,-1.0,-1.0,18.1,-1.0,-1.0,-1.0
2025-01-20 08:50:33,6,2,38221.7,-1.0,-1.0,-1.0,14.0,-1.0,-1.0,-1.0
2025-01-20 08:51:03,2,1,30963.9,-1.0,-1.0,-1.0,18.3,-1.0,-1.0,-1.0
2025-01-20 08:51:33,5,1,26376.7,-1.0,-1.0,-1.0,12.2,-1.0,-1.0,-1.0
2025-01-20 08:52:03,3,1,25395.8,-1.0,-1.0,-1.0,34.0,-1.0,-1.0,-1.0
2025-01-20 08:52:33,12,1,26667.0,-1.0,-1.0,-1.0,13.4,-1.0,-1.0,-1.0
2025-01-20 08:53:03,4,2,31122.5,-1.0,-1.0,-1.0,11.5,-1.0,-1.0,-1.0
2025-01-20 08:53:33,4,0,24599.9,-1.0,-1.0,-1.0,12.8,-1.0,-1.0,-1.0
2025-01-20 08:54:03,2,2,24470.0,-1.0,-1.0,-1.0,15.1,-1.0,-1.0,-1.0
2025-01-20 08:54:33,3,1,24148.5,-1.0,-1.0,-1.0,16.3,-1.0,-1.0,-1.0
2025-01-20 08:55:03,5,2,24932.1,-1.0,-1.0,-1.0,13.6,-1.0,-1.0,-1.0
2025-01-20 08:55:33,4,2,26939.2,-1.0,-1.0,-1.0,13.7,-1.0,-1.0,-1.0
2025-01-20 08:56:03,4,0,25997.3,-1.0,-1.0,-1.0,20.6,-1.0,-1.0,-1.0
2025-01-20 08:56:33,3,1,24638.3,-1.0,-1.0,-1.0,15.3,-1.0,-1.0,-1.0
2025-01-20 08:57:03,3,2,25101.4,-1.0,-1.0,-1.0,29.6,-1.0,-1.0,-1.0
2025-01-20 08:57:33,4,1,24359.2,-1.0,-1.0,-1.0,12.1,-1.0,-1.0,-1.0
2025-01-20 08:58:03,5,0,24486.4,-1.0,-1.0,-1.0,14.4,-1.0,-1.0,-1.0
2025-01-20 08:58:33,6,1,24707.8,-1.0,-1.0,-1.0,15.1,-1.0,-1.0,-1.0
2025-01-20 08:59:03,4,0,24823.8,-1.0,-1.0,-1.0,12.4,-1.0,-1.0,-1.0
2025-01-20 08:59:33,4,2,25139.5,-1.0,-1.0,-1.0,14.4,-1.0,-1.0,-1.0
2025-01-20 09:00:03,2,3,25270.5,-1.0,-1.0,-1.0,18.5,-1.0,-1.0,-1.0
2025-01-20 09:00:33,5,1,25271.1,-1.0,-1.0,-1.0,17.5,-1.0,-1.0,-1.0
2025-01-20 09:01:03,5,1,25865.4,-1.0,-1.0,-1.0,19.7,-1.0,-1.0,-1.0
2025-01-20 09:01:33,6,2,27557.9,-1.0,-1.0,-1.0,14.8,-1.0,-1.0,-1.0
2025-01-20 09:02:03,3,0,25218.4,-1.0,-1.0,-1.0,32.7,-1.0,-1.0,-1.0
2025-01-20 09:02:33,4,2,24531.6,-1.0,-1.0,-1.0,13.4,-1.0,-1.0,-1.0
2025-01-20 09:03:03,2,2,25217.8,-1.0,-1.0,-1.0,12.9,-1.0,-1.0,-1.0
2025-01-20 09:03:33,5,1,24760.5,-1.0,-1.0,-1.0,14.4,-1.0,-1.0,-1.0
2025-01-20 09:04:03,6,0,25926.6,-1.0,-1.0,-1.0,15.0,-1.0,-1.0,-1.0
2025-01-20 09:04:32,9,0,25090.4,-1.0,-1.0,-1.0,15.2,-1.0,-1.0,-1.0
2025-01-20 09:05:02,4,1,25942.6,-1.0,-1.0,-1.0,15.5,-1.0,-1.0,-1.0
2025-01-20 09:05:33,4,1,24389.6,-1.0,-1.0,-1.0,12.5,-1.0,-1.0,-1.0
2025-01-20 09:06:03,8,0,26446.9,-1.0,-1.0,-1.0,18.9,-1.0,-1.0,-1.0
2025-01-20 09:06:33,2,2,25741.6,-1.0,-1.0,-1.0,13.2,-1.0,-1.0,-1.0
2025-01-20 09:07:03,2,2,25970.1,-1.0,-1.0,-1.0,30.7,-1.0,-1.0,-1.0
2025-01-20 09:07:33,5,0,24625.0,-1.0,-1.0,-1.0,13.1,-1.0,-1.0,-1.0
2025-01-20 09:08:03,3,0,25301.8,-1.0,-1.0,-1.0,13.9,-1.0,-1.0,-1.0
2025-01-20 09:08:33,3,1,24570.5,-1.0,-1.0,-1.0,14.6,-1.0,-1.0,-1.0
2025-01-20 09:09:03,4,0,24085.4,-1.0,-1.0,-1.0,11.4,-1.0,-1.0,-1.0
2025-01-20 09:09:33,2,2,25129.7,-1.0,-1.0,-1.0,14.0,-1.0,-1.0,-1.0
2025-01-20 09:10:03,7,0,24857.5,-1.0,-1.0,-1.0,16.4,-1.0,-1.0,-1.0
2025-01-20 09:10:33,2,1,24017.7,-1.0,-1.0,-1.0,13.7,-1.0,-1.0,-1.0
2025-01-20 09:11:03,4,0,24679.5,-1.0,-1.0,-1.0,16.4,-1.0,-1.0,-1.0
2025-01-20 09:11:33,3,2,25253.2,-1.0,-1.0,-1.0,12.0,-1.0,-1.0,-1.0
2025-01-20 09:12:03,3,0,25232.1,-1.0,-1.0,-1.0,33.2,-1.0,-1.0,-1.0
2025-01-20 09:12:33,5,0,26176.3,-1.0,-1.0,-1.0,13.8,-1.0,-1.0,-1.0
2025-01-20 09:13:03,2,2,27160.4,-1.0,-1.0,-1.0,11.6,-1.0,-1.0,-1.0
2025-01-20 09:13:33,6,1,27616.0,-1.0,-1.0,-1.0,14.1,-1.0,-1.0,-1.0
2025-01-20 09:14:03,4,2,25804.8,-1.0,-1.0,-1.0,14.7,-1.0,-1.0,-1.0
2025-01-20 09:14:33,2,1,24233.2,-1.0,-1.0,-1.0,14.5,-1.0,-1.0,-1.0
2025-01-20 09:15:03,5,2,25721.2,-1.0,-1.0,-1.0,13.6,-1.0,-1.0,-1.0
2025-01-20 09:15:33,4,0,28018.8,-1.0,-1.0,-1.0,13.4,-1.0,-1.0,-1.0
2025-01-20 09:16:03,4,2,25357.2,-1.0,-1.0,-1.0,21.2,-1.0,-1.0,-1.0
2025-01-20 09:16:33,3,0,24344.9,-1.0,-1.0,-1.0,12.6,-1.0,-1.0,-1.0
2025-01-20 09:17:03,4,1,24948.3,-1.0,-1.0,-1.0,31.4,-1.0,-1.0,-1.0
2025-01-20 09:17:33,4,1,23327.6,-1.0,-1.0,-1.0,12.0,-1.0,-1.0,-1.0
2025-01-20 09:18:03,3,0,24663.5,-1.0,-1.0,-1.0,13.6,-1.0,-1.0,-1.0
2025-01-20 09:18:33,5,0,24364.4,-1.0,-1.0,-1.0,14.3,-1.0,-1.0,-1.0
2025-01-20 09:19:03,4,2,24556.4,-1.0,-1.0,-1.0,11.9,-1.0,-1.0,-1.0
2025-01-20 09:19:33,3,2,26088.7,-1.0,-1.0,-1.0,12.5,-1.0,-1.0,-1.0
2025-01-20 09:20:03,4,2,26661.1,-1.0,-1.0,-1.0,16.2,-1.0,-1.0,-1.0
2025-01-20 09:20:33,3,3,28359.4,-1.0,-1.0,-1.0,13.5,-1.0,-1.0,-1.0
2025-01-20 09:21:03,4,1,25724.4,-1.0,-1.0,-1.0,17.3,-1.0,-1.0,-1.0
2025-01-20 09:21:33,7,0,24443.6,-1.0,-1.0,-1.0,15.5,-1.0,-1.0,-1.0
2025-01-20 09:22:03,4,2,26438.1,-1.0,-1.0,-1.0,33.5,-1.0,-1.0,-1.0
2025-01-20 09:22:33,4,1,27201.0,-1.0,-1.0,-1.0,16.6,-1.0,-1.0,-1.0
2025-01-20 09:23:03,3,3,26428.0,-1.0,-1.0,-1.0,11.6,-1.0,-1.0,-1.0
2025-01-20 09:23:33,5,1,27125.0,-1.0,-1.0,-1.0,13.4,-1.0,-1.0,-1.0
2025-01-20 09:24:03,2,2,25766.9,-1.0,-1.0,-1.0,15.2,-1.0,-1.0,-1.0
2025-01-20 09:24:33,3,1,27730.7,-1.0,-1.0,-1.0,14.8,-1.0,-1.0,-1.0
2025-01-20 09:25:03,4,0,25520.5,-1.0,-1.0,-1.0,14.0,-1.0,-1.0,-1.0
2025-01-20 09:25:33,5,1,26219.7,-1.0,-1.0,-1.0,14.3,-1.0,-1.0,-1.0
2025-01-20 09:26:03,4,2,24681.1,-1.0,-1.0,-1.0,19.8,-1.0,-1.0,-1.0
2025-01-20 09:26:33,6,0,23439.8,-1.0,-1.0,-1.0,15.2,-1.0,-1.0,-1.0
2025-01-20 09:27:03,6,0,25395.3,-1.0,-1.0,-1.0,29.1,-1.0,-1.0,-1.0
2025-01-20 09:27:33,4,2,25837.9,-1.0,-1.0,-1.0,13.8,-1.0,-1.0,-1.0
2025-01-20 09:28:03,2,1,25625.4,-1.0,-1.0,-1.0,14.4,-1.0,-1.0,-1.0
2025-01-20 09:28:33,3,3,26149.3,-1.0,-1.0,-1.0,13.3,-1.0,-1.0,-1.0
2025-01-20 09:29:03,5,3,24289.6,-1.0,-1.0,-1.0,12.1,-1.0,-1.0,-1.0
2025-01-20 09:29:33,5,2,25283.4,-1.0,-1.0,-1.0,16.5,-1.0,-1.0,-1.0
2025-01-20 09:30:03,4,1,24546.1,-1.0,-1.0,-1.0,16.2,-1.0,-1.0,-1.0
2025-01-20 09:30:33,4,0,24629.6,-1.0,-1.0,-1.0,14.3,-1.0,-1.0,-1.0
2025-01-20 09:31:03,4,1,28502.4,-1.0,-1.0,-1.0,18.7,-1.0,-1.0,-1.0
2025-01-20 09:31:33,4,2,25773.5,-1.0,-1.0,-1.0,12.0,-1.0,-1.0,-1.0
2025-01-20 09:32:03,4,2,25757.5,-1.0,-1.0,-1.0,33.1,-1.0,-1.0,-1.0
2025-01-20 09:32:33,4,3,29254.7,-1.0,-1.0,-1.0,15.3,-1.0,-1.0,-1.0
2025-01-20 09:33:03,3,1,27585.6,-1.0,-1.0,-1.0,11.7,-1.0,-1.0,-1.0
2025-01-20 09:33:33,3,2,27164.3,-1.0,-1.0,-1.0,12.8,-1.0,-1.0,-1.0
2025-01-20 09:34:03,4,2,27577.5,-1.0,-1.0,-1.0,16.0,-1.0,-1.0,-1.0
2025-01-20 09:34:33,2,1,26606.4,-1.0,-1.0,-1.0,15.8,-1.0,-1.0,-1.0
2025-01-20 09:35:03,4,2,27478.4,-1.0,-1.0,-1.0,15.1,-1.0,-1.0,-1.0
2025-01-20 09:35:33,5,1,29738.4,-1.0,-1.0,-1.0,13.9,-1.0,-1.0,-1.0
2025-01-20 09:36:02,5,1,27640.3,-1.0,-1.0,-1.0,21.1,-1.0,-1.0,-1.0
2025-01-20 09:36:33,5,2,26365.1,-1.0,-1.0,-1.0,14.2,-1.0,-1.0,-1.0
2025-01-20 09:37:03,3,1,25494.5,-1.0,-1.0,-1.0,30.9,-1.0,-1.0,-1.0
2025-01-20 09:37:33,4,0,25630.7,-1.0,-1.0,-1.0,14.3,-1.0,-1.0,-1.0
2025-01-20 09:38:03,3,1,24821.5,-1.0,-1.0,-1.0,14.7,-1.0,-1.0,-1.0
2025-01-20 09:38:33,4,2,24188.4,-1.0,-1.0,-1.0,14.4,-1.0,-1.0,-1.0
2025-01-20 09:39:03,3,1,24325.5,-1.0,-1.0,-1.0,12.7,-1.0,-1.0,-1.0
2025-01-20 09:39:33,1,2,24651.5,-1.0,-1.0,-1.0,14.4,-1.0,-1.0,-1.0
2025-01-20 09:40:03,5,3,25283.4,-1.0,-1.0,-1.0,17.8,-1.0,-1.0,-1.0
2025-01-20 09:40:33,6,1,25500.8,-1.0,-1.0,-1.0,14.8,-1.0,-1.0,-1.0
2025-01-20 09:41:03,4,1,27556.4,-1.0,-1.0,-1.0,17.1,-1.0,-1.0,-1.0
2025-01-20 09:41:33,2,1,26699.3,-1.0,-1.0,-1.0,13.2,-1.0,-1.0,-1.0
2025-01-20 09:42:03,4,2,25132.9,-1.0,-1.0,-1.0,34.1,-1.0,-1.0,-1.0
2025-01-20 09:42:33,5,2,24131.7,-1.0,-1.0,-1.0,13.7,-1.0,-1.0,-1.0
2025-01-20 09:43:03,6,2,24824.5,-1.0,-1.0,-1.0,10.9,-1.0,-1.0,-1.0
2025-01-20 09:43:33,4,3,25383.8,-1.0,-1.0,-1.0,13.0,-1.0,-1.0,-1.0
2025-01-20 09:44:03,2,2,25164.7,-1.0,-1.0,-1.0,15.1,-1.0,-1.0,-1.0
2025-01-20 09:44:33,4,1,26575.4,-1.0,-1.0,-1.0,15.4,-1.0,-1.0,-1.0
2025-01-20 09:45:03,5,1,25359.1,-1.0,-1.0,-1.0,14.1,-1.0,-1.0,-1.0
2025-01-20 09:45:33,2,2,26472.8,-1.0,-1.0,-1.0,14.3,-1.0,-1.0,-1.0
2025-01-20 09:46:03,4,0,30275.9,-1.0,-1.0,-1.0,21.2,-1.0,-1.0,-1.0
2025-01-20 09:46:33,3,1,26682.0,-1.0,-1.0,-1.0,14.9,-1.0,-1.0,-1.0
2025-01-20 09:47:03,5,1,27220.7,-1.0,-1.0,-1.0,32.1,-1.0,-1.0,-1.0
2025-01-20 09:47:33,5,1,26802.4,-1.0,-1.0,-1.0,13.7,-1.0,-1.0,-1.0
2025-01-20 09:48:03,6,2,25572.5,-1.0,-1.0,-1.0,14.8,-1.0,-1.0,-1.0
2025-01-20 09:48:33,3,1,24695.6,-1.0,-1.0,-1.0,14.9,-1.0,-1.0,-1.0
2025-01-20 09:49:03,3,1,24968.7,-1.0,-1.0,-1.0,12.6,-1.0,-1.0,-1.0
2025-01-20 09:49:33,3,1,24313.1,-1.0,-1.0,-1.0,14.3,-1.0,-1.0,-1.0
2025-01-20 09:50:03,7,2,27009.7,-1.0,-1.0,-1.0,17.7,-1.0,-1.0,-1.0
2025-01-20 09:50:33,3,2,25695.8,-1.0,-1.0,-1.0,17.7,-1.0,-1.0,-1.0
2025-01-20 09:51:03,4,2,25696.1,-1.0,-1.0,-1.0,17.8,-1.0,-1.0,-1.0
2025-01-20 09:51:33,3,2,25597.3,-1.0,-1.0,-1.0,13.4,-1.0,-1.0,-1.0
2025-01-20 09:52:03,6,2,27430.5,-1.0,-1.0,-1.0,34.3,-1.0,-1.0,-1.0
2025-01-20 09:52:33,2,3,29994.2,-1.0,-1.0,-1.0,12.5,-1.0,-1.0,-1.0
2025-01-20 09:53:03,2,1,27581.5,-1.0,-1.0,-1.0,10.5,-1.0,-1.0,-1.0
2025-01-20 09:53:33,3,1,27740.8,-1.0,-1.0,-1.0,13.9,-1.0,-1.0,-1.0
2025-01-20 09:54:03,3,2,26862.6,-1.0,-1.0,-1.0,14.9,-1.0,-1.0,-1.0
2025-01-20 09:54:33,4,1,26067.5,-1.0,-1.0,-1.0,15.7,-1.0,-1.0,-1.0
2025-01-20 09:55:03,3,2,26239.8,-1.0,-1.0,-1.0,13.3,-1.0,-1.0,-1.0
2025-01-20 09:55:33,8,2,26025.9,-1.0,-1.0,-1.0,14.3,-1.0,-1.0,-1.0
2025-01-20 09:56:03,8,0,26142.1,-1.0,-1.0,-1.0,20.7,-1.0,-1.0,-1.0
2025-01-20 09:56:33,2,2,25383.7,-1.0,-1.0,-1.0,15.2,-1.0,-1.0,-1.0
2025-01-20 09:57:03,4,0,25766.0,-1.0,-1.0,-1.0,29.5,-1.0,-1.0,-1.0
2025-01-20 09:57:33,3,2,25890.3,-1.0,-1.0,-1.0,13.0,-1.0,-1.0,-1.0
2025-01-20 09:58:03,7,1,25599.7,-1.0,-1.0,-1.0,14.6,-1.0,-1.0,-1.0
2025-01-20 09:58:33,2,1,25774.3,-1.0,-1.0,-1.0,14.7,-1.0,-1.0,-1.0
2025-01-20 09:59:03,4,2,25557.9,-1.0,-1.0,-1.0,13.5,-1.0,-1.0,-1.0
2025-01-20 09:59:33,7,1,25292.2,-1.0,-1.0,-1.0,14.0,-1.0,-1.0,-1.0
2025-01-20 10:00:03,7,2,25883.5,-1.0,-1.0,-1.0,17.5,-1.0,-1.0,-1.0
2025-01-20 10:00:33,3,3,28879.2,-1.0,-1.0,-1.0,15.0,-1.0,-1.0,-1.0
2025-01-20 10:01:03,3,2,30054.0,-1.0,-1.0,-1.0,21.7,-1.0,-1.0,-1.0
2025-01-20 10:01:33,5,1,26805.4,-1.0,-1.0,-1.0,13.1,-1.0,-1.0,-1.0
2025-01-20 10:02:03,6,1,25811.2,-1.0,-1.0,-1.0,34.2,-1.0,-1.0,-1.0
2025-01-20 10:02:33,7,0,25039.5,-1.0,-1.0,-1.0,13.9,-1.0,-1.0,-1.0
2025-01-20 10:03:03,3,2,25401.7,-1.0,-1.0,-1.0,12.0,-1.0,-1.0,-1.0
2025-01-20 10:03:33,1,2,25487.9,-1.0,-1.0,-1.0,13.2,-1.0,-1.0,-1.0
2025-01-20 10:04:03,6,1,25382.1,-1.0,-1.0,-1.0,16.1,-1.0,-1.0,-1.0
2025-01-20 10:04:33,4,1,27597.6,-1.0,-1.0,-1.0,13.3,-1.0,-1.0,-1.0
2025-01-20 10:05:03,4,3,29057.5,-1.0,-1.0,-1.0,16.6,-1.0,-1.0,-1.0
2025-01-20 10:05:33,3,2,30664.2,-1.0,-1.0,-1.0,14.1,-1.0,-1.0,-1.0
2025-01-20 10:06:03,7,2,29961.6,-1.0,-1.0,-1.0,21.7,-1.0,-1.0,-1.0
2025-01-20 10:06:33,3,2,28845.8,-1.0,-1.0,-1.0,13.9,-1.0,-1.0,-1.0
2025-01-20 10:07:02,1,2,31210.1,-1.0,-1.0,-1.0,30.4,-1.0,-1.0,-1.0
2025-01-20 10:07:33,3,1,25578.4,-1.0,-1.0,-1.0,13.2,-1.0,-1.0,-1.0
2025-01-20 10:08:03,5,2,24958.9,-1.0,-1.0,-1.0,16.1,-1.0,-1.0,-1.0
2025-01-20 10:08:33,9,1,24426.7,-1.0,-1.0,-1.0,13.8,-1.0,-1.0,-1.0
2025-01-20 10:09:03,3,1,24966.6,-1.0,-1.0,-1.0,13.0,-1.0,-1.0,-1.0
2025-01-20 10:09:33,3,2,25696.6,-1.0,-1.0,-1.0,14.2,-1.0,-1.0,-1.0
2025-01-20 10:10:03,5,2,27090.6,-1.0,-1.0,-1.0,17.0,-1.0,-1.0,-1.0
2025-01-20 10:10:33,3,2,29268.9,-1.0,-1.0,-1.0,16.1,-1.0,-1.0,-1.0
2025-01-20 10:11:03,6,3,30253.2,-1.0,-1.0,-1.0,20.0,-1.0,-1.0,-1.0
2025-01-20 10:11:33,4,2,29798.6,-1.0,-1.0,-1.0,12.3,-1.0,-1.0,-1.0
2025-01-20 10:12:03,7,2,29986.9,-1.0,-1.0,-1.0,34.5,-1.0,-1.0,-1.0
2025-01-20 10:12:33,4,0,31037.5,-1.0,-1.0,-1.0,15.1,-1.0,-1.0,-1.0
2025-01-20 10:13:03,2,2,26644.6,-1.0,-1.0,-1.0,13.2,-1.0,-1.0,-1.0
2025-01-20 10:13:33,3,0,25663.4,-1.0,-1.0,-1.0,14.2,-1.0,-1.0,-1.0
2025-01-20 10:14:03,3,2,25488.5,-1.0,-1.0,-1.0,14.3,-1.0,-1.0,-1.0
2025-01-20 10:14:33,3,3,24828.2,-1.0,-1.0,-1.0,15.3,-1.0,-1.0,-1.0
2025-01-20 10:15:03,3,2,25395.0,-1.0,-1.0,-1.0,14.8,-1.0,-1.0,-1.0
2025-01-20 10:15:33,5,1,27272.3,-1.0,-1.0,-1.0,14.8,-1.0,-1.0,-1.0
2025-01-20 10:16:03,5,1,31660.9,-1.0,-1.0,-1.0,21.9,-1.0,-1.0,-1.0
2025-01-20 10:16:33,4,1,41623.1,-1.0,-1.0,-1.0,15.1,-1.0,-1.0,-1.0
2025-01-20 10:17:03,3,2,39410.0,-1.0,-1.0,-1.0,30.3,-1.0,-1.0,-1.0
2025-01-20 10:17:33,6,2,37396.4,-1.0,-1.0,-1.0,13.4,-1.0,-1.0,-1.0
2025-01-20 10:18:03,3,0,26353.1,-1.0,-1.0,-1.0,14.1,-1.0,-1.0,-1.0
2025-01-20 10:18:33,5,1,25118.9,-1.0,-1.0,-1.0,13.4,-1.0,-1.0,-1.0
2025-01-20 10:19:03,5,0,24851.4,-1.0,-1.0,-1.0,11.7,-1.0,-1.0,-1.0
2025-01-20 10:19:33,3,1,25694.8,-1.0,-1.0,-1.0,13.9,-1.0,-1.0,-1.0
2025-01-20 10:20:03,4,0,24868.1,-1.0,-1.0,-1.0,19.5,-1.0,-1.0,-1.0
2025-01-20 10:20:33,4,0,28729.3,-1.0,-1.0,-1.0,14.8,-1.0,-1.0,-1.0
2025-01-20 10:21:03,3,1,26451.0,-1.0,-1.0,-1.0,18.5,-1.0,-1.0,-1.0
2025-01-20 10:21:33,3,1,27142.3,-1.0,-1.0,-1.0,13.9,-1.0,-1.0,-1.0
2025-01-20 10:22:03,3,2,26428.0,-1.0,-1.0,-1.0,32.8,-1.0,-1.0,-1.0
2025-01-20 10:22:33,7,1,27372.5,-1.0,-1.0,-1.0,12.1,-1.0,-1.0,-1.0
2025-01-20 10:23:03,6,0,27190.5,-1.0,-1.0,-1.0,13.2,-1.0,-1.0,-1.0
2025-01-20 10:23:33,6,1,27772.5,-1.0,-1.0,-1.0,14.1,-1.0,-1.0,-1.0
2025-01-20 10:24:03,6,0,25959.0,-1.0,-1.0,-1.0,17.3,-1.0,-1.0,-1.0
2025-01-20 10:24:33,3,2,29882.6,-1.0,-1.0,-1.0,15.4,-1.0,-1.0,-1.0
2025-01-20 10:25:03,6,2,30848.3,-1.0,-1.0,-1.0,15.1,-1.0,-1.0,-1.0
2025-01-20 10:25:33,5,2,29769.3,-1.0,-1.0,-1.0,16.3,-1.0,-1.0,-1.0
2025-01-20 10:26:03,5,1,25470.8,-1.0,-1.0,-1.0,22.2,-1.0,-1.0,-1.0
2025-01-20 10:26:33,3,2,24735.7,-1.0,-1.0,-1.0,14.4,-1.0,-1.0,-1.0
2025-01-20 10:27:03,4,0,25907.1,-1.0,-1.0,-1.0,30.3,-1.0,-1.0,-1.0
2025-01-20 10:27:33,3,1,25939.2,-1.0,-1.0,-1.0,13.2,-1.0,-1.0,-1.0
2025-01-20 10:28:03,4,0,25964.6,-1.0,-1.0,-1.0,15.5,-1.0,-1.0,-1.0
2025-01-20 10:28:33,3,1,26707.2,-1.0,-1.0,-1.0,15.6,-1.0,-1.0,-1.0
2025-01-20 10:29:03,7,1,24664.5,-1.0,-1.0,-1.0,13.5,-1.0,-1.0,-1.0
2025-01-20 10:29:33,4,1,25353.5,-1.0,-1.0,-1.0,17.5,-1.0,-1.0,-1.0
2025-01-20 10:30:03,3,3,24975.1,-1.0,-1.0,-1.0,17.0,-1.0,-1.0,-1.0
2025-01-20 10:30:33,2,1,24806.3,-1.0,-1.0,-1.0,16.9,-1.0,-1.0,-1.0
2025-01-20 10:31:03,3,1,29846.7,-1.0,-1.0,-1.0,21.6,-1.0,-1.0,-1.0
2025-01-20 10:31:33,8,1,24968.1,-1.0,-1.0,-1.0,11.7,-1.0,-1.0,-1.0
2025-01-20 10:32:03,5,1,26078.5,-1.0,-1.0,-1.0,33.2,-1.0,-1.0,-1.0
2025-01-20 10:32:33,5,2,25494.0,-1.0,-1.0,-1.0,16.3,-1.0,-1.0,-1.0
2025-01-20 10:33:03,6,0,25492.0,-1.0,-1.0,-1.0,8.8,-1.0,-1.0,-1.0
2025-01-20 10:33:33,6,0,27180.4,-1.0,-1.0,-1.0,12.8,-1.0,-1.0,-1.0
2025-01-20 10:34:03,3,2,26369.0,-1.0,-1.0,-1.0,16.2,-1.0,-1.0,-1.0
2025-01-20 10:34:33,2,2,26018.3,-1.0,-1.0,-1.0,14.0,-1.0,-1.0,-1.0
2025-01-20 10:35:03,2,2,26382.4,-1.0,-1.0,-1.0,13.7,-1.0,-1.0,-1.0
2025-01-20 10:35:33,4,1,27968.6,-1.0,-1.0,-1.0,13.1,-1.0,-1.0,-1.0
2025-01-20 10:36:03,3,1,28476.0,-1.0,-1.0,-1.0,20.0,-1.0,-1.0,-1.0
2025-01-20 10:36:33,6,1,25150.4,-1.0,-1.0,-1.0,15.7,-1.0,-1.0,-1.0
2025-01-20 10:37:03,5,1,24534.6,-1.0,-1.0,-1.0,28.7,-1.0,-1.0,-1.0
2025-01-20 10:37:33,6,1,26197.5,-1.0,-1.0,-1.0,12.4,-1.0,-1.0,-1.0
2025-01-20 10:38:03,2,1,25517.0,-1.0,-1.0,-1.0,15.7,-1.0,-1.0,-1.0
2025-01-20 10:38:33,4,2,26611.5,-1.0,-1.0,-1.0,14.2,-1.0,-1.0,-1.0
2025-01-20 10:39:03,1,2,25284.8,-1.0,-1.0,-1.0,11.9,-1.0,-1.0,-1.0
2025-01-20 10:39:33,6,2,25763.6,-1.0,-1.0,-1.0,13.9,-1.0,-1.0,-1.0
2025-01-20 10:40:03,3,1,25558.2,-1.0,-1.0,-1.0,24.0,-1.0,-1.0,-1.0
2025-01-20 10:40:33,4,2,26643.0,-1.0,-1.0,-1.0,13.8,-1.0,-1.0,-1.0
2025-01-20 10:41:03,2,2,29728.9,-1.0,-1.0,-1.0,19.8,-1.0,-1.0,-1.0
2025-01-20 10:41:33,1,2,27911.3,-1.0,-1.0,-1.0,11.6,-1.0,-1.0,-1.0
2025-01-20 10:42:03,1,2,27138.5,-1.0,-1.0,-1.0,33.8,-1.0,-1.0,-1.0
2025-01-20 10:42:33,7,2,25177.7,-1.0,-1.0,-1.0,11.8,-1.0,-1.0,-1.0
2025-01-20 10:43:03,4,0,25787.0,-1.0,-1.0,-1.0,12.1,-1.0,-1.0,-1.0
2025-01-20 10:43:33,6,1,24837.9,-1.0,-1.0,-1.0,14.1,-1.0,-1.0,-1.0
2025-01-20 10:44:03,5,3,25326.2,-1.0,-1.0,-1.0,15.9,-1.0,-1.0,-1.0
2025-01-20 10:44:33,1,2,29200.5,-1.0,-1.0,-1.0,15.5,-1.0,-1.0,-1.0
2025-01-20 10:45:03,4,2,28928.6,-1.0,-1.0,-1.0,15.0,-1.0,-1.0,-1.0
2025-01-20 10:45:33,4,0,25807.0,-1.0,-1.0,-1.0,12.1,-1.0,-1.0,-1.0
2025-01-20 10:46:03,5,1,27383.0,-1.0,-1.0,-1.0,23.4,-1.0,-1.0,-1.0
2025-01-20 10:46:33,6,1,28751.4,-1.0,-1.0,-1.0,11.1,-1.0,-1.0,-1.0
2025-01-20 10:47:03,2,2,27126.5,-1.0,-1.0,-1.0,33.1,-1.0,-1.0,-1.0
2025-01-20 10:47:33,6,2,27548.1,-1.0,-1.0,-1.0,10.3,-1.0,-1.0,-1.0
2025-01-20 10:48:03,2,2,26561.5,-1.0,-1.0,-1.0,17.8,-1.0,-1.0,-1.0
2025-01-20 10:48:33,2,4,26372.2,-1.0,-1.0,-1.0,13.4,-1.0,-1.0,-1.0
2025-01-20 10:49:03,3,0,24024.3,-1.0,-1.0,-1.0,14.7,-1.0,-1.0,-1.0
2025-01-20 10:49:33,3,2,24521.2,-1.0,-1.0,-1.0,12.8,-1.0,-1.0,-1.0
2025-01-20 10:50:03,4,3,26229.9,-1.0,-1.0,-1.0,18.6,-1.0,-1.0,-1.0
2025-01-20 10:50:33,7,1,27048.1,-1.0,-1.0,-1.0,14.9,-1.0,-1.0,-1.0
2025-01-20 10:51:03,5,1,30223.2,-1.0,-1.0,-1.0,19.6,-1.0,-1.0,-1.0
2025-01-20 10:51:33,2,1,26549.9,-1.0,-1.0,-1.0,12.0,-1.0,-1.0,-1.0
2025-01-20 10:52:03,4,0,26270.0,-1.0,-1.0,-1.0,35.6,-1.0,-1.0,-1.0
2025-01-20 10:52:33,3,1,28089.2,-1.0,-1.0,-1.0,11.1,-1.0,-1.0,-1.0
2025-01-20 10:53:03,4,1,27773.8,-1.0,-1.0,-1.0,12.3,-1.0,-1.0,-1.0
2025-01-20 10:53:33,3,3,26670.6,-1.0,-1.0,-1.0,10.9,-1.0,-1.0,-1.0
2025-01-20 10:54:03,5,1,25674.7,-1.0,-1.0,-1.0,15.7,-1.0,-1.0,-1.0
2025-01-20 10:54:33,4,1,24259.9,-1.0,-1.0,-1.0,13.7,-1.0,-1.0,-1.0
2025-01-20 10:55:03,5,3,25715.1,-1.0,-1.0,-1.0,16.9,-1.0,-1.0,-1.0
2025-01-20 10:55:33,8,1,25988.9,-1.0,-1.0,-1.0,12.5,-1.0,-1.0,-1.0
2025-01-20 10:56:03,4,0,27364.6,-1.0,-1.0,-1.0,20.6,-1.0,-1.0,-1.0
2025-01-20 10:56:33,3,0,25917.7,-1.0,-1.0,-1.0,12.8,-1.0,-1.0,-1.0
2025-01-20 10:57:03,4,1,25752.0,-1.0,-1.0,-1.0,32.2,-1.0,-1.0,-1.0
2025-01-20 10:57:33,5,0,26158.5,-1.0,-1.0,-1.0,12.2,-1.0,-1.0,-1.0
2025-01-20 10:58:03,7,1,25617.8,-1.0,-1.0,-1.0,15.2,-1.0,-1.0,-1.0
2025-01-20 10:58:33,6,3,25297.2,-1.0,-1.0,-1.0,13.4,-1.0,-1.0,-1.0
2025-01-20 10:59:03,2,2,24336.2,-1.0,-1.0,-1.0,13.0,-1.0,-1.0,-1.0
2025-01-20 10:59:33,3,0,24759.2,-1.0,-1.0,-1.0,12.7,-1.0,-1.0,-1.0
2025-01-20 11:00:03,3,1,25253.1,-1.0,-1.0,-1.0,18.2,-1.0,-1.0,-1.0
2025-01-20 11:00:33,5,2,24111.5,-1.0,-1.0,-1.0,14.2,-1.0,-1.0,-1.0
2025-01-20 11:01:03,3,1,25978.9,-1.0,-1.0,-1.0,22.6,-1.0,-1.0,-1.0
2025-01-20 11:01:33,4,2,25214.1,-1.0,-1.0,-1.0,12.0,-1.0,-1.0,-1.0
2025-01-20 11:02:03,2,1,26597.2,-1.0,-1.0,-1.0,33.8,-1.0,-1.0,-1.0
2025-01-20 11:02:33,4,1,24045.8,-1.0,-1.0,-1.0,12.8,-1.0,-1.0,-1.0
2025-01-20 11:03:03,6,3,25091.3,-1.0,-1.0,-1.0,12.6,-1.0,-1.0,-1.0
2025-01-20 11:03:33,6,1,25318.1,-1.0,-1.0,-1.0,14.0,-1.0,-1.0,-1.0
2025-01-20 11:04:03,1,2,27318.0,-1.0,-1.0,-1.0,18.0,-1.0,-1.0,-1.0
2025-01-20 11:04:33,5,2,26818.3,-1.0,-1.0,-1.0,13.1,-1.0,-1.0,-1.0
2025-01-20 11:05:03,6,1,27605.3,-1.0,-1.0,-1.0,15.3,-1.0,-1.0,-1.0
2025-01-20 11:05:33,3,3,28037.2,-1.0,-1.0,-1.0,13.2,-1.0,-1.0,-1.0
2025-01-20 11:06:03,6,0,26001.6,-1.0,-1.0,-1.0,20.7,-1.0,-1.0,-1.0
2025-01-20 11:06:33,4,1,25582.1,-1.0,-1.0,-1.0,11.8,-1.0,-1.0,-1.0
2025-01-20 11:07:03,5,2,29144.2,-1.0,-1.0,-1.0,30.7,-1.0,-1.0,-1.0
2025-01-20 11:07:33,5,1,25568.4,-1.0,-1.0,-1.0,10.8,-1.0,-1.0,-1.0
2025-01-20 11:08:03,5,0,25516.0,-1.0,-1.0,-1.0,16.2,-1.0,-1.0,-1.0
2025-01-20 11:08:33,6,0,26093.4,-1.0,-1.0,-1.0,14.1,-1.0,-1.0,-1.0
2025-01-20 11:09:03,2,1,25188.5,-1.0,-1.0,-1.0,13.3,-1.0,-1.0,-1.0
2025-01-20 11:09:33,5,2,25330.8,-1.0,-1.0,-1.0,11.6,-1.0,-1.0,-1.0
2025-01-20 11:10:04,2,1,26337.5,-1.0,-1.0,-1.0,20.5,-1.0,-1.0,-1.0
2025-01-20 11:10:33,2,2,25879.3,-1.0,-1.0,-1.0,14.4,-1.0,-1.0,-1.0
2025-01-20 11:11:03,4,1,29146.1,-1.0,-1.0,-1.0,19.9,-1.0,-1.0,-1.0
2025-01-20 11:11:33,6,1,25968.9,-1.0,-1.0,-1.0,10.9,-1.0,-1.0,-1.0
2025-01-20 11:12:03,3,2,25864.4,-1.0,-1.0,-1.0,34.7,-1.0,-1.0,-1.0
2025-01-20 11:12:33,4,3,26794.7,-1.0,-1.0,-1.0,12.7,-1.0,-1.0,-1.0
2025-01-20 11:13:03,4,1,25569.8,-1.0,-1.0,-1.0,12.0,-1.0,-1.0,-1.0
2025-01-20 11:13:33,5,1,26407.0,-1.0,-1.0,-1.0,13.9,-1.0,-1.0,-1.0
2025-01-20 11:14:03,3,2,26334.0,-1.0,-1.0,-1.0,17.2,-1.0,-1.0,-1.0
2025-01-20 11:14:33,5,0,25635.6,-1.0,-1.0,-1.0,15.9,-1.0,-1.0,-1.0
2025-01-20 11:15:03,2,3,26476.1,-1.0,-1.0,-1.0,14.4,-1.0,-1.0,-1.0
2025-01-20 11:15:33,3,1,27920.4,-1.0,-1.0,-1.0,11.6,-1.0,-1.0,-1.0
2025-01-20 11:16:03,4,0,25835.1,-1.0,-1.0,-1.0,21.0,-1.0,-1.0,-1.0
2025-01-20 11:16:33,3,1,26205.0,-1.0,-1.0,-1.0,11.7,-1.0,-1.0,-1.0
2025-01-20 11:17:03,2,3,26648.3,-1.0,-1.0,-1.0,30.7,-1.0,-1.0,-1.0
2025-01-20 11:17:33,4,1,26350.0,-1.0,-1.0,-1.0,12.6,-1.0,-1.0,-1.0
2025-01-20 11:18:03,3,2,25013.2,-1.0,-1.0,-1.0,14.7,-1.0,-1.0,-1.0
2025-01-20 11:18:33,2,2,24503.1,-1.0,-1.0,-1.0,13.2,-1.0,-1.0,-1.0
2025-01-20 11:19:03,6,1,25324.4,-1.0,-1.0,-1.0,12.0,-1.0,-1.0,-1.0
2025-01-20 11:19:33,3,1,25098.3,-1.0,-1.0,-1.0,13.3,-1.0,-1.0,-1.0
2025-01-20 11:20:03,3,1,25533.2,-1.0,-1.0,-1.0,18.6,-1.0,-1.0,-1.0
2025-01-20 11:20:33,4,1,27911.8,-1.0,-1.0,-1.0,15.0,-1.0,-1.0,-1.0
2025-01-20 11:21:03,5,2,26550.8,-1.0,-1.0,-1.0,18.3,-1.0,-1.0,-1.0
2025-01-20 11:21:33,5,1,26027.7,-1.0,-1.0,-1.0,11.1,-1.0,-1.0,-1.0
2025-01-20 11:22:03,1,2,28059.3,-1.0,-1.0,-1.0,36.3,-1.0,-1.0,-1.0
2025-01-20 11:22:33,2,1,26386.5,-1.0,-1.0,-1.0,12.3,-1.0,-1.0,-1.0
2025-01-20 11:23:03,3,2,26863.2,-1.0,-1.0,-1.0,12.5,-1.0,-1.0,-1.0
2025-01-20 11:23:33,3,1,27291.0,-1.0,-1.0,-1.0,12.5,-1.0,-1.0,-1.0
2025-01-20 11:24:03,4,0,26553.7,-1.0,-1.0,-1.0,18.1,-1.0,-1.0,-1.0
2025-01-20 11:24:33,5,1,26587.2,-1.0,-1.0,-1.0,14.6,-1.0,-1.0,-1.0
2025-01-20 11:25:03,3,2,27985.6,-1.0,-1.0,-1.0,14.7,-1.0,-1.0,-1.0
2025-01-20 11:25:33,3,2,26269.1,-1.0,-1.0,-1.0,13.0,-1.0,-1.0,-1.0
2025-01-20 11:26:03,4,1,28576.8,-1.0,-1.0,-1.0,21.8,-1.0,-1.0,-1.0
2025-01-20 11:26:33,2,1,24709.9,-1.0,-1.0,-1.0,13.2,-1.0,-1.0,-1.0
2025-01-20 11:27:03,4,1,24748.2,-1.0,-1.0,-1.0,30.9,-1.0,-1.0,-1.0
2025-01-20 11:27:33,4,2,24258.8,-1.0,-1.0,-1.0,10.4,-1.0,-1.0,-1.0
2025-01-20 11:28:03,5,3,25219.0,-1.0,-1.0,-1.0,15.7,-1.0,-1.0,-1.0
2025-01-20 11:28:33,3,2,25874.0,-1.0,-1.0,-1.0,13.0,-1.0,-1.0,-1.0
2025-01-20 11:29:03,2,2,25386.9,-1.0,-1.0,-1.0,14.5,-1.0,-1.0,-1.0
2025-01-20 11:29:33,4,2,26608.6,-1.0,-1.0,-1.0,13.0,-1.0,-1.0,-1.0
2025-01-20 11:30:03,3,2,28559.0,-1.0,-1.0,-1.0,17.3,-1.0,-1.0,-1.0
2025-01-20 11:30:33,5,1,31604.0,-1.0,-1.0,-1.0,14.6,-1.0,-1.0,-1.0
2025-01-20 11:31:03,6,1,30237.7,-1.0,-1.0,-1.0,19.6,-1.0,-1.0,-1.0
2025-01-20 11:31:33,5,1,27300.0,-1.0,-1.0,-1.0,12.6,-1.0,-1.0,-1.0
2025-01-20 11:32:03,1,2,26030.0,-1.0,-1.0,-1.0,35.7,-1.0,-1.0,-1.0
2025-01-20 11:32:33,3,2,27074.9,-1.0,-1.0,-1.0,12.0,-1.0,-1.0,-1.0
2025-01-20 11:33:03,4,1,25222.2,-1.0,-1.0,-1.0,13.2,-1.0,-1.0,-1.0
2025-01-20 11:33:33,2,2,25230.0,-1.0,-1.0,-1.0,14.1,-1.0,-1.0,-1.0
2025-01-20 11:34:03,3,0,23908.6,-1.0,-1.0,-1.0,14.9,-1.0,-1.0,-1.0
2025-01-20 11:34:33,3,2,26925.8,-1.0,-1.0,-1.0,14.7,-1.0,-1.0,-1.0
2025-01-20 11:35:03,4,2,25350.0,-1.0,-1.0,-1.0,15.2,-1.0,-1.0,-1.0
2025-01-20 11:35:33,4,1,28764.8,-1.0,-1.0,-1.0,13.4,-1.0,-1.0,-1.0
2025-01-20 11:36:03,4,1,30667.1,-1.0,-1.0,-1.0,22.1,-1.0,-1.0,-1.0
2025-01-20 11:36:33,5,1,29051.7,-1.0,-1.0,-1.0,13.3,-1.0,-1.0,-1.0
2025-01-20 11:37:03,5,2,28759.3,-1.0,-1.0,-1.0,30.9,-1.0,-1.0,-1.0
2025-01-20 11:37:33,6,1,27714.2,-1.0,-1.0,-1.0,13.0,-1.0,-1.0,-1.0
2025-01-20 11:38:03,2,1,27702.6,-1.0,-1.0,-1.0,14.2,-1.0,-1.0,-1.0
2025-01-20 11:38:33,4,2,26500.7,-1.0,-1.0,-1.0,12.6,-1.0,-1.0,-1.0
2025-01-20 11:39:03,2,2,24073.5,-1.0,-1.0,-1.0,13.2,-1.0,-1.0,-1.0
2025-01-20 11:39:33,3,2,24452.9,-1.0,-1.0,-1.0,12.9,-1.0,-1.0,-1.0
2025-01-20 11:40:03,1,3,24557.9,-1.0,-1.0,-1.0,19.1,-1.0,-1.0,-1.0
2025-01-20 11:40:33,4,1,28649.2,-1.0,-1.0,-1.0,14.3,-1.0,-1.0,-1.0
2025-01-20 11:41:03,4,2,30284.2,-1.0,-1.0,-1.0,20.1,-1.0,-1.0,-1.0
2025-01-20 11:41:33,8,1,28084.9,-1.0,-1.0,-1.0,12.7,-1.0,-1.0,-1.0
2025-01-20 11:42:03,5,1,27527.1,-1.0,-1.0,-1.0,34.0,-1.0,-1.0,-1.0
2025-01-20 11:42:33,5,0,25629.7,-1.0,-1.0,-1.0,11.8,-1.0,-1.0,-1.0
2025-01-20 11:43:03,6,0,24670.7,-1.0,-1.0,-1.0,12.0,-1.0,-1.0,-1.0
2025-01-20 11:43:34,5,1,24983.0,-1.0,-1.0,-1.0,12.2,-1.0,-1.0,-1.0
2025-01-20 11:44:04,6,1,24384.1,-1.0,-1.0,-1.0,16.6,-1.0,-1.0,-1.0
2025-01-20 11:44:33,3,1,24352.3,-1.0,-1.0,-1.0,14.0,-1.0,-1.0,-1.0
2025-01-20 11:45:03,4,3,24925.6,-1.0,-1.0,-1.0,14.7,-1.0,-1.0,-1.0
2025-01-20 11:45:33,7,0,27445.7,-1.0,-1.0,-1.0,12.6,-1.0,-1.0,-1.0
2025-01-20 11:46:03,4,1,28946.5,-1.0,-1.0,-1.0,21.8,-1.0,-1.0,-1.0
2025-01-20 11:46:33,5,2,25272.5,-1.0,-1.0,-1.0,11.2,-1.0,-1.0,-1.0
2025-01-20 11:47:03,6,1,27415.2,-1.0,-1.0,-1.0,30.8,-1.0,-1.0,-1.0
2025-01-20 11:47:33,2,1,25216.1,-1.0,-1.0,-1.0,12.1,-1.0,-1.0,-1.0
2025-01-20 11:48:03,5,1,24648.8,-1.0,-1.0,-1.0,16.1,-1.0,-1.0,-1.0
2025-01-20 11:48:33,2,1,24678.4,-1.0,-1.0,-1.0,13.4,-1.0,-1.0,-1.0
2025-01-20 11:49:03,3,2,24987.8,-1.0,-1.0,-1.0,12.3,-1.0,-1.0,-1.0
2025-01-20 11:49:33,4,2,25842.8,-1.0,-1.0,-1.0,11.6,-1.0,-1.0,-1.0
2025-01-20 11:50:03,6,3,28094.9,-1.0,-1.0,-1.0,18.8,-1.0,-1.0,-1.0
2025-01-20 11:50:33,4,1,29765.1,-1.0,-1.0,-1.0,13.2,-1.0,-1.0,-1.0
2025-01-20 11:51:03,5,0,31416.0,-1.0,-1.0,-1.0,19.0,-1.0,-1.0,-1.0
2025-01-20 11:51:33,4,1,26780.9,-1.0,-1.0,-1.0,11.9,-1.0,-1.0,-1.0
2025-01-20 11:52:03,5,0,25911.2,-1.0,-1.0,-1.0,34.9,-1.0,-1.0,-1.0
2025-01-20 11:52:33,2,1,26389.2,-1.0,-1.0,-1.0,11.3,-1.0,-1.0,-1.0
2025-01-20 11:53:03,3,2,24980.2,-1.0,-1.0,-1.0,11.8,-1.0,-1.0,-1.0
2025-01-20 11:53:33,6,0,25359.7,-1.0,-1.0,-1.0,12.8,-1.0,-1.0,-1.0
2025-01-20 11:54:03,3,2,25624.5,-1.0,-1.0,-1.0,15.5,-1.0,-1.0,-1.0
2025-01-20 11:54:33,4,0,24946.1,-1.0,-1.0,-1.0,14.0,-1.0,-1.0,-1.0
2025-01-20 11:55:03,6,1,24664.9,-1.0,-1.0,-1.0,14.5,-1.0,-1.0,-1.0
2025-01-20 11:55:33,3,2,24969.2,-1.0,-1.0,-1.0,13.8,-1.0,-1.0,-1.0
2025-01-20 11:56:03,5,0,27373.4,-1.0,-1.0,-1.0,21.3,-1.0,-1.0,-1.0
2025-01-20 11:56:33,4,0,28597.6,-1.0,-1.0,-1.0,12.0,-1.0,-1.0,-1.0
2025-01-20 11:57:03,3,2,28160.7,-1.0,-1.0,-1.0,32.8,-1.0,-1.0,-1.0
2025-01-20 11:57:33,4,1,25335.8,-1.0,-1.0,-1.0,14.2,-1.0,-1.0,-1.0
2025-01-20 11:58:03,1,3,24446.5,-1.0,-1.0,-1.0,15.0,-1.0,-1.0,-1.0
2025-01-20 11:58:33,3,0,23584.5,-1.0,-1.0,-1.0,14.7,-1.0,-1.0,-1.0
2025-01-20 11:59:03,2,1,24016.1,-1.0,-1.0,-1.0,14.7,-1.0,-1.0,-1.0
2025-01-20 11:59:33,1,2,24436.1,-1.0,-1.0,-1.0,12.8,-1.0,-1.0,-1.0
2025-01-20 12:00:03,5,2,26230.9,-1.0,-1.0,-1.0,18.6,-1.0,-1.0,-1.0
2025-01-20 12:00:33,3,2,26495.8,-1.0,-1.0,-1.0,16.0,-1.0,-1.0,-1.0
2025-01-20 12:01:03,2,1,27253.5,-1.0,-1.0,-1.0,20.6,-1.0,-1.0,-1.0
2025-01-20 12:01:33,4,2,24248.9,-1.0,-1.0,-1.0,10.9,-1.0,-1.0,-1.0
2025-01-20 12:02:03,3,1,25022.3,-1.0,-1.0,-1.0,33.4,-1.0,-1.0,-1.0
2025-01-20 12:02:33,3,0,24236.6,-1.0,-1.0,-1.0,12.6,-1.0,-1.0,-1.0
2025-01-20 12:03:03,3,1,24265.3,-1.0,-1.0,-1.0,12.9,-1.0,-1.0,-1.0
2025-01-20 12:03:33,3,2,24021.6,-1.0,-1.0,-1.0,11.8,-1.0,-1.0,-1.0
2025-01-20 12:04:03,3,1,26368.5,-1.0,-1.0,-1.0,18.5,-1.0,-1.0,-1.0
2025-01-20 12:04:33,5,0,24400.9,-1.0,-1.0,-1.0,12.1,-1.0,-1.0,-1.0
2025-01-20 12:05:03,3,1,26590.8,-1.0,-1.0,-1.0,16.3,-1.0,-1.0,-1.0
2025-01-20 12:05:33,3,0,27737.4,-1.0,-1.0,-1.0,12.1,-1.0,-1.0,-1.0
2025-01-20 12:06:03,3,1,27078.0,-1.0,-1.0,-1.0,21.2,-1.0,-1.0,-1.0
2025-01-20 12:06:33,5,1,26208.3,-1.0,-1.0,-1.0,11.3,-1.0,-1.0,-1.0
2025-01-20 12:07:03,1,2,31366.9,-1.0,-1.0,-1.0,31.1,-1.0,-1.0,-1.0
2025-01-20 12:07:33,5,0,25890.8,-1.0,-1.0,-1.0,10.0,-1.0,-1.0,-1.0
2025-01-20 12:08:03,1,2,24227.7,-1.0,-1.0,-1.0,15.6,-1.0,-1.0,-1.0
2025-01-20 12:08:33,3,2,24236.7,-1.0,-1.0,-1.0,12.2,-1.0,-1.0,-1.0
2025-01-20 12:09:03,3,2,23908.5,-1.0,-1.0,-1.0,13.9,-1.0,-1.0,-1.0
2025-01-20 12:09:33,5,0,26506.7,-1.0,-1.0,-1.0,13.7,-1.0,-1.0,-1.0
2025-01-20 12:10:03,3,1,27793.3,-1.0,-1.0,-1.0,17.6,-1.0,-1.0,-1.0
2025-01-20 12:10:33,3,2,25945.6,-1.0,-1.0,-1.0,13.0,-1.0,-1.0,-1.0
2025-01-20 12:11:03,5,2,29556.0,-1.0,-1.0,-1.0,20.1,-1.0,-1.0,-1.0
2025-01-20 12:11:33,7,1,26291.2,-1.0,-1.0,-1.0,11.7,-1.0,-1.0,-1.0
2025-01-20 12:12:03,2,2,25728.2,-1.0,-1.0,-1.0,35.1,-1.0,-1.0,-1.0
2025-01-20 12:12:33,2,1,25117.8,-1.0,-1.0,-1.0,11.7,-1.0,-1.0,-1.0
2025-01-20 12:13:03,5,1,25738.4,-1.0,-1.0,-1.0,12.6,-1.0,-1.0,-1.0
2025-01-20 12:13:33,2,1,25661.9,-1.0,-1.0,-1.0,11.2,-1.0,-1.0,-1.0
2025-01-20 12:14:03,3,1,23492.2,-1.0,-1.0,-1.0,14.8,-1.0,-1.0,-1.0
2025-01-20 12:14:33,1,2,22853.2,-1.0,-1.0,-1.0,13.8,-1.0,-1.0,-1.0
2025-01-20 12:15:03,4,1,23345.2,-1.0,-1.0,-1.0,14.3,-1.0,-1.0,-1.0
2025-01-20 12:15:33,3,0,24569.0,-1.0,-1.0,-1.0,11.3,-1.0,-1.0,-1.0
2025-01-20 12:16:03,2,2,28788.4,-1.0,-1.0,-1.0,23.3,-1.0,-1.0,-1.0
2025-01-20 12:16:33,6,2,28274.0,-1.0,-1.0,-1.0,11.6,-1.0,-1.0,-1.0
2025-01-20 12:17:04,3,0,26339.4,-1.0,-1.0,-1.0,31.6,-1.0,-1.0,-1.0
2025-01-20 12:17:34,4,0,25687.9,-1.0,-1.0,-1.0,10.4,-1.0,-1.0,-1.0
2025-01-20 12:18:04,2,1,25200.7,-1.0,-1.0,-1.0,15.2,-1.0,-1.0,-1.0
2025-01-20 12:18:33,4,2,24429.0,-1.0,-1.0,-1.0,13.1,-1.0,-1.0,-1.0
2025-01-20 12:19:03,2,2,24233.8,-1.0,-1.0,-1.0,13.5,-1.0,-1.0,-1.0
2025-01-20 12:19:33,2,1,24846.7,-1.0,-1.0,-1.0,11.7,-1.0,-1.0,-1.0
2025-01-20 12:20:03,3,2,24377.6,-1.0,-1.0,-1.0,17.2,-1.0,-1.0,-1.0
2025-01-20 12:20:33,4,1,29201.9,-1.0,-1.0,-1.0,13.8,-1.0,-1.0,-1.0
2025-01-20 12:21:03,5,0,27591.2,-1.0,-1.0,-1.0,18.6,-1.0,-1.0,-1.0
2025-01-20 12:21:33,3,2,24337.0,-1.0,-1.0,-1.0,13.2,-1.0,-1.0,-1.0
2025-01-20 12:22:03,3,2,24841.5,-1.0,-1.0,-1.0,34.7,-1.0,-1.0,-1.0
2025-01-20 12:22:33,3,2,24191.9,-1.0,-1.0,-1.0,11.3,-1.0,-1.0,-1.0
2025-01-20 12:23:03,3,1,23629.3,-1.0,-1.0,-1.0,11.2,-1.0,-1.0,-1.0
2025-01-20 12:23:33,3,3,23877.6,-1.0,-1.0,-1.0,11.0,-1.0,-1.0,-1.0
2025-01-20 12:24:03,1,3,23092.2,-1.0,-1.0,-1.0,16.3,-1.0,-1.0,-1.0
2025-01-20 12:24:33,2,1,23023.5,-1.0,-1.0,-1.0,13.5,-1.0,-1.0,-1.0
2025-01-20 12:25:03,5,1,24077.2,-1.0,-1.0,-1.0,14.4,-1.0,-1.0,-1.0
2025-01-20 12:25:33,4,1,26377.9,-1.0,-1.0,-1.0,13.3,-1.0,-1.0,-1.0
2025-01-20 12:26:03,3,2,27732.1,-1.0,-1.0,-1.0,21.1,-1.0,-1.0,-1.0
2025-01-20 12:26:33,4,0,23892.5,-1.0,-1.0,-1.0,12.1,-1.0,-1.0,-1.0
2025-01-20 12:27:03,3,1,23741.9,-1.0,-1.0,-1.0,31.6,-1.0,-1.0,-1.0
2025-01-20 12:27:33,3,3,24078.4,-1.0,-1.0,-1.0,10.4,-1.0,-1.0,-1.0
2025-01-20 12:28:03,5,0,23442.8,-1.0,-1.0,-1.0,15.6,-1.0,-1.0,-1.0
2025-01-20 12:28:33,1,2,23488.8,-1.0,-1.0,-1.0,12.7,-1.0,-1.0,-1.0
2025-01-20 12:29:03,3,0,26346.7,-1.0,-1.0,-1.0,13.3,-1.0,-1.0,-1.0
2025-01-20 12:29:33,2,2,26395.9,-1.0,-1.0,-1.0,12.6,-1.0,-1.0,-1.0
2025-01-20 12:30:03,2,2,26908.4,-1.0,-1.0,-1.0,18.6,-1.0,-1.0,-1.0
2025-01-20 12:30:33,3,1,25930.3,-1.0,-1.0,-1.0,15.6,-1.0,-1.0,-1.0
2025-01-20 12:31:03,4,0,25056.5,-1.0,-1.0,-1.0,18.9,-1.0,-1.0,-1.0
2025-01-20 12:31:33,3,1,24216.4,-1.0,-1.0,-1.0,10.9,-1.0,-1.0,-1.0
2025-01-20 12:32:03,3,1,24640.1,-1.0,-1.0,-1.0,33.1,-1.0,-1.0,-1.0
2025-01-20 12:32:33,1,3,25556.4,-1.0,-1.0,-1.0,12.0,-1.0,-1.0,-1.0
2025-01-20 12:33:03,3,2,22992.4,-1.0,-1.0,-1.0,11.2,-1.0,-1.0,-1.0
2025-01-20 12:33:33,3,0,22833.3,-1.0,-1.0,-1.0,12.6,-1.0,-1.0,-1.0
2025-01-20 12:34:03,2,1,23136.2,-1.0,-1.0,-1.0,15.8,-1.0,-1.0,-1.0
2025-01-20 12:34:33,4,1,23194.9,-1.0,-1.0,-1.0,12.2,-1.0,-1.0,-1.0
2025-01-20 12:35:03,4,2,28194.6,-1.0,-1.0,-1.0,14.7,-1.0,-1.0,-1.0
2025-01-20 12:35:33,3,1,27501.9,-1.0,-1.0,-1.0,12.5,-1.0,-1.0,-1.0
2025-01-20 12:36:03,1,2,28163.1,-1.0,-1.0,-1.0,20.3,-1.0,-1.0,-1.0
2025-01-20 12:36:33,2,3,29049.6,-1.0,-1.0,-1.0,10.3,-1.0,-1.0,-1.0
2025-01-20 12:37:03,3,2,28929.8,-1.0,-1.0,-1.0,31.4,-1.0,-1.0,-1.0
2025-01-20 12:37:33,1,3,23695.4,-1.0,-1.0,-1.0,10.3,-1.0,-1.0,-1.0
2025-01-20 12:38:03,3,0,23810.8,-1.0,-1.0,-1.0,15.5,-1.0,-1.0,-1.0
2025-01-20 12:38:33,3,0,22931.1,-1.0,-1.0,-1.0,12.4,-1.0,-1.0,-1.0
2025-01-20 12:39:03,3,0,22708.4,-1.0,-1.0,-1.0,14.4,-1.0,-1.0,-1.0
2025-01-20 12:39:33,3,1,22890.2,-1.0,-1.0,-1.0,11.3,-1.0,-1.0,-1.0
2025-01-20 12:40:03,4,2,24118.0,-1.0,-1.0,-1.0,18.5,-1.0,-1.0,-1.0
2025-01-20 12:40:33,3,1,25816.2,-1.0,-1.0,-1.0,12.4,-1.0,-1.0,-1.0
2025-01-20 12:41:03,4,1,26692.7,-1.0,-1.0,-1.0,20.2,-1.0,-1.0,-1.0
2025-01-20 12:41:33,2,2,24491.9,-1.0,-1.0,-1.0,11.1,-1.0,-1.0,-1.0
2025-01-20 12:42:03,6,0,25059.6,-1.0,-1.0,-1.0,34.7,-1.0,-1.0,-1.0
2025-01-20 12:42:33,2,1,26954.4,-1.0,-1.0,-1.0,11.3,-1.0,-1.0,-1.0
2025-01-20 12:43:03,4,1,26698.3,-1.0,-1.0,-1.0,12.8,-1.0,-1.0,-1.0
2025-01-20 12:43:33,3,2,22885.9,-1.0,-1.0,-1.0,10.8,-1.0,-1.0,-1.0
2025-01-20 12:44:03,2,1,22852.1,-1.0,-1.0,-1.0,15.6,-1.0,-1.0,-1.0
2025-01-20 12:44:33,3,2,22679.7,-1.0,-1.0,-1.0,12.3,-1.0,-1.0,-1.0
2025-01-20 12:45:03,7,2,24904.4,-1.0,-1.0,-1.0,14.4,-1.0,-1.0,-1.0
2025-01-20 12:45:33,2,2,29202.3,-1.0,-1.0,-1.0,11.8,-1.0,-1.0,-1.0
2025-01-20 12:46:03,4,1,27572.6,-1.0,-1.0,-1.0,22.7,-1.0,-1.0,-1.0
2025-01-20 12:46:33,6,1,24284.5,-1.0,-1.0,-1.0,12.5,-1.0,-1.0,-1.0
2025-01-20 12:47:03,4,2,24646.5,-1.0,-1.0,-1.0,30.8,-1.0,-1.0,-1.0
2025-01-20 12:47:33,3,3,23925.8,-1.0,-1.0,-1.0,9.4,-1.0,-1.0,-1.0
2025-01-20 12:48:03,1,2,23031.2,-1.0,-1.0,-1.0,15.1,-1.0,-1.0,-1.0
2025-01-20 12:48:33,5,2,22821.2,-1.0,-1.0,-1.0,11.8,-1.0,-1.0,-1.0
2025-01-20 12:49:03,4,0,22817.2,-1.0,-1.0,-1.0,13.0,-1.0,-1.0,-1.0
2025-01-20 12:49:33,1,2,23506.1,-1.0,-1.0,-1.0,11.3,-1.0,-1.0,-1.0
2025-01-20 12:50:03,1,2,23373.3,-1.0,-1.0,-1.0,17.5,-1.0,-1.0,-1.0
2025-01-20 12:50:34,3,1,23110.6,-1.0,-1.0,-1.0,11.8,-1.0,-1.0,-1.0
2025-01-20 12:51:04,2,3,23756.5,-1.0,-1.0,-1.0,19.9,-1.0,-1.0,-1.0
2025-01-20 12:51:34,6,0,23765.6,-1.0,-1.0,-1.0,10.9,-1.0,-1.0,-1.0
2025-01-20 12:52:03,3,1,23811.5,-1.0,-1.0,-1.0,35.8,-1.0,-1.0,-1.0
2025-01-20 12:52:33,4,1,23262.9,-1.0,-1.0,-1.0,10.2,-1.0,-1.0,-1.0
2025-01-20 12:53:03,3,2,26585.6,-1.0,-1.0,-1.0,13.9,-1.0,-1.0,-1.0
2025-01-20 12:53:33,1,2,26683.0,-1.0,-1.0,-1.0,11.1,-1.0,-1.0,-1.0
2025-01-20 12:54:03,3,2,25803.2,-1.0,-1.0,-1.0,16.0,-1.0,-1.0,-1.0
2025-01-20 12:54:33,4,3,23622.8,-1.0,-1.0,-1.0,13.1,-1.0,-1.0,-1.0
2025-01-20 12:55:03,4,1,25348.0,-1.0,-1.0,-1.0,14.5,-1.0,-1.0,-1.0
2025-01-20 12:55:33,5,2,29439.5,-1.0,-1.0,-1.0,11.6,-1.0,-1.0,-1.0
2025-01-20 12:56:03,4,0,29273.0,-1.0,-1.0,-1.0,20.8,-1.0,-1.0,-1.0
2025-01-20 12:56:33,3,2,28526.2,-1.0,-1.0,-1.0,11.1,-1.0,-1.0,-1.0
2025-01-20 12:57:03,2,2,26000.2,-1.0,-1.0,-1.0,31.2,-1.0,-1.0,-1.0
2025-01-20 12:57:33,3,1,23778.6,-1.0,-1.0,-1.0,10.5,-1.0,-1.0,-1.0
2025-01-20 12:58:03,4,0,23170.1,-1.0,-1.0,-1.0,14.5,-1.0,-1.0,-1.0
2025-01-20 12:58:33,3,1,23159.5,-1.0,-1.0,-1.0,11.6,-1.0,-1.0,-1.0
2025-01-20 12:59:03,3,0,23993.4,-1.0,-1.0,-1.0,13.4,-1.0,-1.0,-1.0
2025-01-20 12:59:33,4,0,24638.0,-1.0,-1.0,-1.0,12.1,-1.0,-1.0,-1.0
2025-01-20 13:00:03,5,1,25444.0,-1.0,-1.0,-1.0,18.5,-1.0,-1.0,-1.0
2025-01-20 13:00:33,7,1,26714.6,-1.0,-1.0,-1.0,14.3,-1.0,-1.0,-1.0
2025-01-20 13:01:03,3,1,26070.1,-1.0,-1.0,-1.0,21.3,-1.0,-1.0,-1.0
2025-01-20 13:01:33,1,2,24986.8,-1.0,-1.0,-1.0,10.2,-1.0,-1.0,-1.0
2025-01-20 13:02:03,1,2,24484.1,-1.0,-1.0,-1.0,34.4,-1.0,-1.0,-1.0
2025-01-20 13:02:33,2,1,22920.2,-1.0,-1.0,-1.0,12.3,-1.0,-1.0,-1.0
2025-01-20 13:03:03,2,2,23258.5,-1.0,-1.0,-1.0,12.4,-1.0,-1.0,-1.0
2025-01-20 13:03:33,2,1,23254.2,-1.0,-1.0,-1.0,10.2,-1.0,-1.0,-1.0
2025-01-20 13:04:03,1,2,23023.8,-1.0,-1.0,-1.0,15.7,-1.0,-1.0,-1.0
2025-01-20 13:04:33,3,1,24828.0,-1.0,-1.0,-1.0,11.4,-1.0,-1.0,-1.0
2025-01-20 13:05:03,5,1,23575.2,-1.0,-1.0,-1.0,14.4,-1.0,-1.0,-1.0
2025-01-20 13:05:33,3,1,27352.2,-1.0,-1.0,-1.0,12.0,-1.0,-1.0,-1.0
2025-01-20 13:06:03,5,1,24542.5,-1.0,-1.0,-1.0,21.8,-1.0,-1.0,-1.0
2025-01-20 13:06:33,2,1,23890.8,-1.0,-1.0,-1.0,12.0,-1.0,-1.0,-1.0
2025-01-20 13:07:03,3,2,28307.9,-1.0,-1.0,-1.0,31.5,-1.0,-1.0,-1.0
2025-01-20 13:07:33,2,1,24373.6,-1.0,-1.0,-1.0,9.8,-1.0,-1.0,-1.0
2025-01-20 13:08:03,3,0,22919.0,-1.0,-1.0,-1.0,14.6,-1.0,-1.0,-1.0
2025-01-20 13:08:33,2,1,24687.7,-1.0,-1.0,-1.0,11.8,-1.0,-1.0,-1.0
2025-01-20 13:09:03,3,0,22532.6,-1.0,-1.0,-1.0,12.9,-1.0,-1.0,-1.0
2025-01-20 13:09:33,3,1,22768.9,-1.0,-1.0,-1.0,12.7,-1.0,-1.0,-1.0
2025-01-20 13:10:03,3,3,22922.4,-1.0,-1.0,-1.0,18.5,-1.0,-1.0,-1.0
2025-01-20 13:10:33,4,0,23716.6,-1.0,-1.0,-1.0,11.5,-1.0,-1.0,-1.0
2025-01-20 13:11:03,4,2,26734.0,-1.0,-1.0,-1.0,19.6,-1.0,-1.0,-1.0
2025-01-20 13:11:33,2,2,23631.9,-1.0,-1.0,-1.0,11.0,-1.0,-1.0,-1.0
2025-01-20 13:12:03,3,1,23195.3,-1.0,-1.0,-1.0,34.5,-1.0,-1.0,-1.0
2025-01-20 13:12:33,3,1,23038.7,-1.0,-1.0,-1.0,12.4,-1.0,-1.0,-1.0
2025-01-20 13:13:03,1,2,23218.5,-1.0,-1.0,-1.0,12.3,-1.0,-1.0,-1.0
2025-01-20 13:13:33,3,1,22846.7,-1.0,-1.0,-1.0,11.1,-1.0,-1.0,-1.0
2025-01-20 13:14:03,1,2,23074.0,-1.0,-1.0,-1.0,16.8,-1.0,-1.0,-1.0
2025-01-20 13:14:33,2,2,22289.6,-1.0,-1.0,-1.0,12.8,-1.0,-1.0,-1.0
2025-01-20 13:15:03,4,1,23107.0,-1.0,-1.0,-1.0,14.7,-1.0,-1.0,-1.0
2025-01-20 13:15:33,2,1,22856.9,-1.0,-1.0,-1.0,11.0,-1.0,-1.0,-1.0
2025-01-20 13:16:03,1,2,25361.5,-1.0,-1.0,-1.0,21.7,-1.0,-1.0,-1.0
2025-01-20 13:16:33,3,1,22389.1,-1.0,-1.0,-1.0,9.4,-1.0,-1.0,-1.0
2025-01-20 13:17:03,1,2,24873.7,-1.0,-1.0,-1.0,79.4,-1.0,-1.0,-1.0
2025-01-20 13:17:33,1,2,23203.2,-1.0,-1.0,-1.0,10.4,-1.0,-1.0,-1.0
2025-01-20 13:18:03,3,0,23289.4,-1.0,-1.0,-1.0,15.5,-1.0,-1.0,-1.0
2025-01-20 13:18:33,2,1,23415.2,-1.0,-1.0,-1.0,11.0,-1.0,-1.0,-1.0
2025-01-20 13:19:03,6,0,22724.1,-1.0,-1.0,-1.0,14.2,-1.0,-1.0,-1.0
2025-01-20 13:19:33,3,1,22408.6,-1.0,-1.0,-1.0,11.1,-1.0,-1.0,-1.0
2025-01-20 13:20:03,3,1,23394.2,-1.0,-1.0,-1.0,17.9,-1.0,-1.0,-1.0
2025-01-20 13:20:33,3,2,24326.8,-1.0,-1.0,-1.0,13.4,-1.0,-1.0,-1.0
2025-01-20 13:21:03,3,1,23933.5,-1.0,-1.0,-1.0,19.0,-1.0,-1.0,-1.0
2025-01-20 13:21:33,6,0,24407.7,-1.0,-1.0,-1.0,11.3,-1.0,-1.0,-1.0
2025-01-20 13:22:03,3,1,24148.3,-1.0,-1.0,-1.0,33.5,-1.0,-1.0,-1.0
2025-01-20 13:22:33,3,1,23182.4,-1.0,-1.0,-1.0,12.4,-1.0,-1.0,-1.0
2025-01-20 13:23:03,3,2,25056.5,-1.0,-1.0,-1.0,12.6,-1.0,-1.0,-1.0
2025-01-20 13:23:33,1,2,26120.6,-1.0,-1.0,-1.0,12.6,-1.0,-1.0,-1.0
2025-01-20 13:24:03,2,1,26040.1,-1.0,-1.0,-1.0,17.1,-1.0,-1.0,-1.0
2025-01-20 13:24:33,2,2,26453.3,-1.0,-1.0,-1.0,12.8,-1.0,-1.0,-1.0
2025-01-20 13:25:03,3,2,24008.3,-1.0,-1.0,-1.0,15.2,-1.0,-1.0,-1.0
2025-01-20 13:25:34,5,1,25003.5,-1.0,-1.0,-1.0,12.6,-1.0,-1.0,-1.0
2025-01-20 13:26:04,2,2,23873.8,-1.0,-1.0,-1.0,20.2,-1.0,-1.0,-1.0
2025-01-20 13:26:34,5,0,22917.7,-1.0,-1.0,-1.0,12.4,-1.0,-1.0,-1.0
2025-01-20 13:27:04,2,2,23500.7,-1.0,-1.0,-1.0,30.6,-1.0,-1.0,-1.0
2025-01-20 13:27:34,5,0,23368.1,-1.0,-1.0,-1.0,9.7,-1.0,-1.0,-1.0
2025-01-20 13:28:03,3,0,22803.8,-1.0,-1.0,-1.0,15.3,-1.0,-1.0,-1.0
2025-01-20 13:28:33,4,2,25019.0,-1.0,-1.0,-1.0,10.5,-1.0,-1.0,-1.0
2025-01-20 13:29:03,2,1,25473.5,-1.0,-1.0,-1.0,12.3,-1.0,-1.0,-1.0
2025-01-20 13:29:33,5,1,26292.9,-1.0,-1.0,-1.0,13.2,-1.0,-1.0,-1.0
2025-01-20 13:30:03,1,3,26664.0,-1.0,-1.0,-1.0,17.0,-1.0,-1.0,-1.0
2025-01-20 13:30:33,5,0,27455.4,-1.0,-1.0,-1.0,14.6,-1.0,-1.0,-1.0
2025-01-20 13:31:03,2,2,27000.9,-1.0,-1.0,-1.0,19.4,-1.0,-1.0,-1.0
2025-01-20 13:31:33,2,2,24140.6,-1.0,-1.0,-1.0,9.7,-1.0,-1.0,-1.0
2025-01-20 13:32:03,5,1,23845.9,-1.0,-1.0,-1.0,36.0,-1.0,-1.0,-1.0
2025-01-20 13:32:33,2,1,22665.2,-1.0,-1.0,-1.0,11.5,-1.0,-1.0,-1.0
2025-01-20 13:33:03,2,1,22598.5,-1.0,-1.0,-1.0,11.2,-1.0,-1.0,-1.0
2025-01-20 13:33:33,4,1,23504.0,-1.0,-1.0,-1.0,9.9,-1.0,-1.0,-1.0
2025-01-20 13:34:03,3,0,22730.4,-1.0,-1.0,-1.0,14.4,-1.0,-1.0,-1.0
2025-01-20 13:34:33,1,2,22674.1,-1.0,-1.0,-1.0,12.8,-1.0,-1.0,-1.0
2025-01-20 13:35:03,2,2,25280.0,-1.0,-1.0,-1.0,14.3,-1.0,-1.0,-1.0
2025-01-20 13:35:33,1,2,26309.2,-1.0,-1.0,-1.0,10.9,-1.0,-1.0,-1.0
2025-01-20 13:36:03,4,1,24513.5,-1.0,-1.0,-1.0,20.3,-1.0,-1.0,-1.0
2025-01-20 13:36:33,3,1,23871.2,-1.0,-1.0,-1.0,10.5,-1.0,-1.0,-1.0
2025-01-20 13:37:03,4,1,23520.7,-1.0,-1.0,-1.0,30.2,-1.0,-1.0,-1.0
2025-01-20 13:37:33,3,0,22572.7,-1.0,-1.0,-1.0,9.6,-1.0,-1.0,-1.0
2025-01-20 13:38:03,3,2,23058.8,-1.0,-1.0,-1.0,15.9,-1.0,-1.0,-1.0
2025-01-20 13:38:33,3,2,22277.4,-1.0,-1.0,-1.0,12.5,-1.0,-1.0,-1.0
2025-01-20 13:39:03,1,2,22337.4,-1.0,-1.0,-1.0,14.1,-1.0,-1.0,-1.0
2025-01-20 13:39:33,2,1,23053.9,-1.0,-1.0,-1.0,12.0,-1.0,-1.0,-1.0
2025-01-20 13:40:03,3,3,23419.3,-1.0,-1.0,-1.0,17.7,-1.0,-1.0,-1.0
2025-01-20 13:40:33,4,0,25749.0,-1.0,-1.0,-1.0,10.9,-1.0,-1.0,-1.0
2025-01-20 13:41:03,2,1,24686.4,-1.0,-1.0,-1.0,19.5,-1.0,-1.0,-1.0
2025-01-20 13:41:33,2,1,24511.7,-1.0,-1.0,-1.0,11.2,-1.0,-1.0,-1.0
2025-01-20 13:42:03,5,0,23772.8,-1.0,-1.0,-1.0,34.7,-1.0,-1.0,-1.0
2025-01-20 13:42:33,2,2,23264.7,-1.0,-1.0,-1.0,12.0,-1.0,-1.0,-1.0
2025-01-20 13:43:03,3,2,23056.4,-1.0,-1.0,-1.0,11.9,-1.0,-1.0,-1.0
2025-01-20 13:43:33,3,2,23920.9,-1.0,-1.0,-1.0,11.3,-1.0,-1.0,-1.0
2025-01-20 13:44:03,4,1,30596.1,-1.0,-1.0,-1.0,15.6,-1.0,-1.0,-1.0
2025-01-20 13:44:33,5,2,40854.1,-1.0,-1.0,-1.0,13.6,-1.0,-1.0,-1.0
2025-01-20 13:45:03,5,3,41783.4,-1.0,-1.0,-1.0,14.6,-1.0,-1.0,-1.0
2025-01-20 13:45:33,3,1,40899.1,-1.0,-1.0,-1.0,11.7,-1.0,-1.0,-1.0
2025-01-20 13:46:03,4,1,42887.1,-1.0,-1.0,-1.0,21.3,-1.0,-1.0,-1.0
2025-01-20 13:46:33,3,1,41886.5,-1.0,-1.0,-1.0,10.6,-1.0,-1.0,-1.0
2025-01-20 13:47:03,5,0,25067.2,-1.0,-1.0,-1.0,32.7,-1.0,-1.0,-1.0
2025-01-20 13:47:33,4,0,25115.0,-1.0,-1.0,-1.0,9.7,-1.0,-1.0,-1.0
2025-01-20 13:48:03,3,2,27125.8,-1.0,-1.0,-1.0,14.3,-1.0,-1.0,-1.0
2025-01-20 13:48:33,2,2,27209.6,-1.0,-1.0,-1.0,12.1,-1.0,-1.0,-1.0
2025-01-20 13:49:03,2,2,23106.7,-1.0,-1.0,-1.0,12.4,-1.0,-1.0,-1.0
2025-01-20 13:49:33,2,1,23729.5,-1.0,-1.0,-1.0,11.7,-1.0,-1.0,-1.0
2025-01-20 13:50:03,5,0,23524.5,-1.0,-1.0,-1.0,17.2,-1.0,-1.0,-1.0
2025-01-20 13:50:33,2,2,23829.5,-1.0,-1.0,-1.0,12.2,-1.0,-1.0,-1.0
2025-01-20 13:51:03,4,1,26684.4,-1.0,-1.0,-1.0,19.0,-1.0,-1.0,-1.0
2025-01-20 13:51:33,2,2,24033.9,-1.0,-1.0,-1.0,9.7,-1.0,-1.0,-1.0
2025-01-20 13:52:03,3,1,27076.7,-1.0,-1.0,-1.0,34.3,-1.0,-1.0,-1.0
2025-01-20 13:52:33,3,1,24866.0,-1.0,-1.0,-1.0,9.9,-1.0,-1.0,-1.0
2025-01-20 13:53:03,3,2,22771.0,-1.0,-1.0,-1.0,12.7,-1.0,-1.0,-1.0
2025-01-20 13:53:33,3,0,23463.3,-1.0,-1.0,-1.0,11.4,-1.0,-1.0,-1.0
2025-01-20 13:54:03,1,2,22803.7,-1.0,-1.0,-1.0,15.2,-1.0,-1.0,-1.0
2025-01-20 13:54:33,3,1,22639.9,-1.0,-1.0,-1.0,12.6,-1.0,-1.0,-1.0
2025-01-20 13:55:03,4,2,23609.6,-1.0,-1.0,-1.0,14.3,-1.0,-1.0,-1.0
2025-01-20 13:55:33,3,1,24306.8,-1.0,-1.0,-1.0,11.3,-1.0,-1.0,-1.0
2025-01-20 13:56:03,4,1,25789.0,-1.0,-1.0,-1.0,21.0,-1.0,-1.0,-1.0
2025-01-20 13:56:33,4,1,25195.8,-1.0,-1.0,-1.0,12.5,-1.0,-1.0,-1.0
2025-01-20 13:57:03,5,0,23829.7,-1.0,-1.0,-1.0,30.3,-1.0,-1.0,-1.0
2025-01-20 13:57:33,5,2,23720.5,-1.0,-1.0,-1.0,10.6,-1.0,-1.0,-1.0
2025-01-20 13:58:03,5,1,23087.8,-1.0,-1.0,-1.0,13.8,-1.0,-1.0,-1.0
2025-01-20 13:58:33,2,1,22353.3,-1.0,-1.0,-1.0,11.7,-1.0,-1.0,-1.0
2025-01-20 13:59:03,4,1,23028.4,-1.0,-1.0,-1.0,12.4,-1.0,-1.0,-1.0
2025-01-20 13:59:33,3,0,23928.7,-1.0,-1.0,-1.0,11.8,-1.0,-1.0,-1.0
2025-01-20 14:00:03,2,3,24592.2,-1.0,-1.0,-1.0,17.7,-1.0,-1.0,-1.0
2025-01-20 14:00:33,6,0,27758.5,-1.0,-1.0,-1.0,13.8,-1.0,-1.0,-1.0
2025-01-20 14:01:03,4,1,25198.6,-1.0,-1.0,-1.0,25.1,-1.0,-1.0,-1.0
2025-01-20 14:01:33,3,2,25728.3,-1.0,-1.0,-1.0,11.2,-1.0,-1.0,-1.0
2025-01-20 14:02:03,5,0,23600.2,-1.0,-1.0,-1.0,33.5,-1.0,-1.0,-1.0
2025-01-20 14:02:33,3,0,23298.4,-1.0,-1.0,-1.0,11.2,-1.0,-1.0,-1.0
2025-01-20 14:03:04,4,0,23479.4,-1.0,-1.0,-1.0,13.3,-1.0,-1.0,-1.0
2025-01-20 14:03:34,3,1,23094.8,-1.0,-1.0,-1.0,11.8,-1.0,-1.0,-1.0
2025-01-20 14:04:04,4,1,23100.6,-1.0,-1.0,-1.0,17.0,-1.0,-1.0,-1.0
2025-01-20 14:04:34,3,2,25611.7,-1.0,-1.0,-1.0,14.3,-1.0,-1.0,-1.0
2025-01-20 14:05:04,2,3,24138.6,-1.0,-1.0,-1.0,15.2,-1.0,-1.0,-1.0
2025-01-20 14:05:34,2,2,28594.9,-1.0,-1.0,-1.0,14.7,-1.0,-1.0,-1.0
2025-01-20 14:06:04,4,1,26546.1,-1.0,-1.0,-1.0,21.6,-1.0,-1.0,-1.0
2025-01-20 14:06:33,4,2,25046.2,-1.0,-1.0,-1.0,11.0,-1.0,-1.0,-1.0
2025-01-20 14:07:03,2,2,28186.8,-1.0,-1.0,-1.0,32.6,-1.0,-1.0,-1.0
2025-01-20 14:07:33,3,1,24504.9,-1.0,-1.0,-1.0,11.0,-1.0,-1.0,-1.0
2025-01-20 14:08:03,4,1,23925.8,-1.0,-1.0,-1.0,15.0,-1.0,-1.0,-1.0
2025-01-20 14:08:33,2,2,22973.9,-1.0,-1.0,-1.0,14.3,-1.0,-1.0,-1.0
2025-01-20 14:09:03,5,0,22636.7,-1.0,-1.0,-1.0,12.7,-1.0,-1.0,-1.0
2025-01-20 14:09:33,3,0,23970.6,-1.0,-1.0,-1.0,11.4,-1.0,-1.0,-1.0
2025-01-20 14:10:03,5,1,24935.2,-1.0,-1.0,-1.0,17.8,-1.0,-1.0,-1.0
2025-01-20 14:10:33,3,2,26321.9,-1.0,-1.0,-1.0,13.3,-1.0,-1.0,-1.0
2025-01-20 14:11:03,4,0,25494.0,-1.0,-1.0,-1.0,20.2,-1.0,-1.0,-1.0
2025-01-20 14:11:33,6,0,25860.0,-1.0,-1.0,-1.0,11.4,-1.0,-1.0,-1.0
2025-01-20 14:12:03,2,1,24756.2,-1.0,-1.0,-1.0,35.4,-1.0,-1.0,-1.0
2025-01-20 14:12:33,5,1,26111.4,-1.0,-1.0,-1.0,12.5,-1.0,-1.0,-1.0
2025-01-20 14:13:03,3,2,23787.3,-1.0,-1.0,-1.0,15.4,-1.0,-1.0,-1.0
2025-01-20 14:13:33,4,2,24366.5,-1.0,-1.0,-1.0,12.8,-1.0,-1.0,-1.0
2025-01-20 14:14:03,2,1,25928.8,-1.0,-1.0,-1.0,15.4,-1.0,-1.0,-1.0
2025-01-20 14:14:33,3,0,26370.7,-1.0,-1.0,-1.0,13.3,-1.0,-1.0,-1.0
2025-01-20 14:15:03,5,0,26753.8,-1.0,-1.0,-1.0,15.4,-1.0,-1.0,-1.0
2025-01-20 14:15:33,3,1,26801.7,-1.0,-1.0,-1.0,11.9,-1.0,-1.0,-1.0
2025-01-20 14:16:03,2,1,26794.8,-1.0,-1.0,-1.0,21.5,-1.0,-1.0,-1.0
2025-01-20 14:16:33,4,2,25780.4,-1.0,-1.0,-1.0,11.3,-1.0,-1.0,-1.0
2025-01-20 14:17:03,3,2,24026.2,-1.0,-1.0,-1.0,33.3,-1.0,-1.0,-1.0
2025-01-20 14:17:33,6,2,24514.1,-1.0,-1.0,-1.0,13.0,-1.0,-1.0,-1.0
2025-01-20 14:18:03,6,1,24478.2,-1.0,-1.0,-1.0,14.9,-1.0,-1.0,-1.0
2025-01-20 14:18:33,5,2,23761.4,-1.0,-1.0,-1.0,12.5,-1.0,-1.0,-1.0
2025-01-20 14:19:03,4,1,23849.1,-1.0,-1.0,-1.0,12.6,-1.0,-1.0,-1.0
2025-01-20 14:19:33,4,3,24574.2,-1.0,-1.0,-1.0,13.2,-1.0,-1.0,-1.0
2025-01-20 14:20:03,3,2,26044.3,-1.0,-1.0,-1.0,17.5,-1.0,-1.0,-1.0
2025-01-20 14:20:33,5,3,30966.2,-1.0,-1.0,-1.0,14.8,-1.0,-1.0,-1.0
2025-01-20 14:21:03,6,1,29689.5,-1.0,-1.0,-1.0,20.4,-1.0,-1.0,-1.0
2025-01-20 14:21:33,3,2,27363.2,-1.0,-1.0,-1.0,12.4,-1.0,-1.0,-1.0
2025-01-20 14:22:03,1,3,25267.7,-1.0,-1.0,-1.0,33.9,-1.0,-1.0,-1.0
2025-01-20 14:22:33,3,1,24792.9,-1.0,-1.0,-1.0,11.3,-1.0,-1.0,-1.0
2025-01-20 14:23:03,7,1,25267.9,-1.0,-1.0,-1.0,12.5,-1.0,-1.0,-1.0
2025-01-20 14:23:33,5,0,24454.9,-1.0,-1.0,-1.0,11.2,-1.0,-1.0,-1.0
2025-01-20 14:24:03,5,1,24633.1,-1.0,-1.0,-1.0,18.6,-1.0,-1.0,-1.0
2025-01-20 14:24:33,4,1,23882.0,-1.0,-1.0,-1.0,14.2,-1.0,-1.0,-1.0
2025-01-20 14:25:03,2,1,24771.3,-1.0,-1.0,-1.0,15.2,-1.0,-1.0,-1.0
2025-01-20 14:25:33,4,0,24677.4,-1.0,-1.0,-1.0,11.8,-1.0,-1.0,-1.0
2025-01-20 14:26:03,3,1,24715.3,-1.0,-1.0,-1.0,20.6,-1.0,-1.0,-1.0
2025-01-20 14:26:33,4,0,24252.0,-1.0,-1.0,-1.0,12.5,-1.0,-1.0,-1.0
2025-01-20 14:27:03,3,2,24920.2,-1.0,-1.0,-1.0,32.3,-1.0,-1.0,-1.0
2025-01-20 14:27:33,7,1,24562.7,-1.0,-1.0,-1.0,11.0,-1.0,-1.0,-1.0
2025-01-20 14:28:03,1,2,25402.9,-1.0,-1.0,-1.0,16.4,-1.0,-1.0,-1.0
2025-01-20 14:28:33,2,2,24338.7,-1.0,-1.0,-1.0,11.7,-1.0,-1.0,-1.0
2025-01-20 14:29:03,5,3,24696.4,-1.0,-1.0,-1.0,12.7,-1.0,-1.0,-1.0
2025-01-20 14:29:33,4,2,24957.9,-1.0,-1.0,-1.0,16.6,-1.0,-1.0,-1.0
2025-01-20 14:30:03,3,1,25321.7,-1.0,-1.0,-1.0,17.3,-1.0,-1.0,-1.0
2025-01-20 14:30:33,7,2,28025.7,-1.0,-1.0,-1.0,14.4,-1.0,-1.0,-1.0
2025-01-20 14:31:03,5,2,25357.7,-1.0,-1.0,-1.0,20.1,-1.0,-1.0,-1.0
2025-01-20 14:31:33,5,2,29196.0,-1.0,-1.0,-1.0,11.1,-1.0,-1.0,-1.0
2025-01-20 14:32:03,2,2,26310.3,-1.0,-1.0,-1.0,34.3,-1.0,-1.0,-1.0
2025-01-20 14:32:33,5,1,24141.5,-1.0,-1.0,-1.0,15.8,-1.0,-1.0,-1.0
2025-01-20 14:33:03,7,1,25107.7,-1.0,-1.0,-1.0,11.8,-1.0,-1.0,-1.0
2025-01-20 14:33:33,8,0,27631.0,-1.0,-1.0,-1.0,12.0,-1.0,-1.0,-1.0
2025-01-20 14:34:03,3,1,29262.8,-1.0,-1.0,-1.0,17.3,-1.0,-1.0,-1.0
2025-01-20 14:34:33,4,1,26959.8,-1.0,-1.0,-1.0,14.4,-1.0,-1.0,-1.0
2025-01-20 14:35:03,4,1,24638.7,-1.0,-1.0,-1.0,15.5,-1.0,-1.0,-1.0
2025-01-20 14:35:33,4,1,28346.9,-1.0,-1.0,-1.0,12.8,-1.0,-1.0,-1.0
2025-01-20 14:36:03,5,0,31887.2,-1.0,-1.0,-1.0,20.8,-1.0,-1.0,-1.0
2025-01-20 14:36:33,3,1,30419.9,-1.0,-1.0,-1.0,14.1,-1.0,-1.0,-1.0
2025-01-20 14:37:03,4,1,25520.2,-1.0,-1.0,-1.0,30.9,-1.0,-1.0,-1.0
2025-01-20 14:37:33,3,1,24435.2,-1.0,-1.0,-1.0,11.4,-1.0,-1.0,-1.0
2025-01-20 14:38:03,4,0,24276.5,-1.0,-1.0,-1.0,15.3,-1.0,-1.0,-1.0
2025-01-20 14:38:34,4,1,24365.9,-1.0,-1.0,-1.0,14.2,-1.0,-1.0,-1.0
2025-01-20 14:39:04,5,1,24122.9,-1.0,-1.0,-1.0,14.3,-1.0,-1.0,-1.0
2025-01-20 14:39:34,6,0,24964.3,-1.0,-1.0,-1.0,13.1,-1.0,-1.0,-1.0
2025-01-20 14:40:04,7,2,26822.1,-1.0,-1.0,-1.0,24.3,-1.0,-1.0,-1.0
2025-01-20 14:40:34,5,1,27917.5,-1.0,-1.0,-1.0,16.4,-1.0,-1.0,-1.0
2025-01-20 14:41:04,5,2,30723.4,-1.0,-1.0,-1.0,18.9,-1.0,-1.0,-1.0
2025-01-20 14:41:34,4,2,28392.9,-1.0,-1.0,-1.0,12.4,-1.0,-1.0,-1.0
2025-01-20 14:42:04,6,0,26541.5,-1.0,-1.0,-1.0,33.3,-1.0,-1.0,-1.0
2025-01-20 14:42:33,6,1,23939.8,-1.0,-1.0,-1.0,12.0,-1.0,-1.0,-1.0
2025-01-20 14:43:03,3,1,24863.2,-1.0,-1.0,-1.0,13.4,-1.0,-1.0,-1.0
2025-01-20 14:43:33,5,1,25371.5,-1.0,-1.0,-1.0,11.5,-1.0,-1.0,-1.0
2025-01-20 14:44:03,3,2,24549.8,-1.0,-1.0,-1.0,16.4,-1.0,-1.0,-1.0
2025-01-20 14:44:33,3,2,26584.6,-1.0,-1.0,-1.0,13.2,-1.0,-1.0,-1.0
2025-01-20 14:45:03,5,2,25427.0,-1.0,-1.0,-1.0,15.1,-1.0,-1.0,-1.0
2025-01-20 14:45:33,1,2,26614.9,-1.0,-1.0,-1.0,14.3,-1.0,-1.0,-1.0
2025-01-20 14:46:03,5,3,24767.0,-1.0,-1.0,-1.0,22.9,-1.0,-1.0,-1.0
2025-01-20 14:46:33,7,0,26261.5,-1.0,-1.0,-1.0,14.0,-1.0,-1.0,-1.0
2025-01-20 14:47:03,5,1,30147.8,-1.0,-1.0,-1.0,32.6,-1.0,-1.0,-1.0
2025-01-20 14:47:33,3,1,29285.4,-1.0,-1.0,-1.0,12.7,-1.0,-1.0,-1.0
2025-01-20 14:48:03,6,1,26620.9,-1.0,-1.0,-1.0,15.7,-1.0,-1.0,-1.0
2025-01-20 14:48:33,8,1,28378.2,-1.0,-1.0,-1.0,13.9,-1.0,-1.0,-1.0
2025-01-20 14:49:03,2,0,25910.6,-1.0,-1.0,-1.0,14.7,-1.0,-1.0,-1.0
2025-01-20 14:49:33,2,2,25410.6,-1.0,-1.0,-1.0,15.1,-1.0,-1.0,-1.0
2025-01-20 14:50:03,5,1,25368.5,-1.0,-1.0,-1.0,19.0,-1.0,-1.0,-1.0
2025-01-20 14:50:33,1,2,26436.4,-1.0,-1.0,-1.0,13.8,-1.0,-1.0,-1.0
2025-01-20 14:51:03,2,2,28777.9,-1.0,-1.0,-1.0,19.5,-1.0,-1.0,-1.0
2025-01-20 14:51:33,2,2,25774.3,-1.0,-1.0,-1.0,11.4,-1.0,-1.0,-1.0
2025-01-20 14:52:03,2,2,25446.5,-1.0,-1.0,-1.0,35.6,-1.0,-1.0,-1.0
2025-01-20 14:52:33,3,1,24851.2,-1.0,-1.0,-1.0,11.1,-1.0,-1.0,-1.0
2025-01-20 14:53:03,5,1,24173.7,-1.0,-1.0,-1.0,11.9,-1.0,-1.0,-1.0
2025-01-20 14:53:33,5,1,26354.2,-1.0,-1.0,-1.0,12.4,-1.0,-1.0,-1.0
2025-01-20 14:54:03,4,1,26107.6,-1.0,-1.0,-1.0,16.6,-1.0,-1.0,-1.0
2025-01-20 14:54:33,3,1,25831.3,-1.0,-1.0,-1.0,14.2,-1.0,-1.0,-1.0
2025-01-20 14:55:03,5,2,26568.8,-1.0,-1.0,-1.0,14.9,-1.0,-1.0,-1.0
2025-01-20 14:55:33,5,1,26275.9,-1.0,-1.0,-1.0,12.1,-1.0,-1.0,-1.0
2025-01-20 14:56:03,5,1,27424.8,-1.0,-1.0,-1.0,20.2,-1.0,-1.0,-1.0
2025-01-20 14:56:33,5,2,26167.5,-1.0,-1.0,-1.0,11.4,-1.0,-1.0,-1.0
2025-01-20 14:57:03,5,1,25181.6,-1.0,-1.0,-1.0,31.7,-1.0,-1.0,-1.0
2025-01-20 14:57:33,5,2,25671.1,-1.0,-1.0,-1.0,11.9,-1.0,-1.0,-1.0
2025-01-20 14:58:03,3,1,24914.4,-1.0,-1.0,-1.0,16.2,-1.0,-1.0,-1.0
2025-01-20 14:58:33,3,1,24453.2,-1.0,-1.0,-1.0,12.2,-1.0,-1.0,-1.0
2025-01-20 14:59:03,5,1,24067.8,-1.0,-1.0,-1.0,12.6,-1.0,-1.0,-1.0
2025-01-20 14:59:33,4,2,25379.3,-1.0,-1.0,-1.0,13.7,-1.0,-1.0,-1.0
2025-01-20 15:00:03,5,1,28229.6,-1.0,-1.0,-1.0,17.7,-1.0,-1.0,-1.0
2025-01-20 15:00:33,3,0,27262.8,-1.0,-1.0,-1.0,13.1,-1.0,-1.0,-1.0
2025-01-20 15:01:03,7,1,31846.1,-1.0,-1.0,-1.0,23.2,-1.0,-1.0,-1.0
2025-01-20 15:01:33,2,1,28432.9,-1.0,-1.0,-1.0,11.4,-1.0,-1.0,-1.0
2025-01-20 15:02:03,2,1,24957.7,-1.0,-1.0,-1.0,34.8,-1.0,-1.0,-1.0
2025-01-20 15:02:33,3,2,24707.0,-1.0,-1.0,-1.0,12.6,-1.0,-1.0,-1.0
2025-01-20 15:03:03,2,2,24439.0,-1.0,-1.0,-1.0,11.5,-1.0,-1.0,-1.0
2025-01-20 15:03:33,3,0,24905.9,-1.0,-1.0,-1.0,12.2,-1.0,-1.0,-1.0
2025-01-20 15:04:03,4,0,25223.9,-1.0,-1.0,-1.0,16.5,-1.0,-1.0,-1.0
2025-01-20 15:04:33,6,0,25153.3,-1.0,-1.0,-1.0,15.8,-1.0,-1.0,-1.0
2025-01-20 15:05:03,5,3,24976.2,-1.0,-1.0,-1.0,15.8,-1.0,-1.0,-1.0
2025-01-20 15:05:33,6,0,28222.6,-1.0,-1.0,-1.0,14.4,-1.0,-1.0,-1.0
2025-01-20 15:06:03,6,2,26862.0,-1.0,-1.0,-1.0,21.4,-1.0,-1.0,-1.0
2025-01-20 15:06:33,3,2,29316.9,-1.0,-1.0,-1.0,10.2,-1.0,-1.0,-1.0
2025-01-20 15:07:03,5,1,33837.9,-1.0,-1.0,-1.0,31.6,-1.0,-1.0,-1.0
2025-01-20 15:07:33,4,3,26298.1,-1.0,-1.0,-1.0,11.7,-1.0,-1.0,-1.0
2025-01-20 15:08:03,5,2,25313.8,-1.0,-1.0,-1.0,16.1,-1.0,-1.0,-1.0
2025-01-20 15:08:33,4,1,26526.1,-1.0,-1.0,-1.0,14.1,-1.0,-1.0,-1.0
2025-01-20 15:09:03,3,1,26274.2,-1.0,-1.0,-1.0,13.1,-1.0,-1.0,-1.0
2025-01-20 15:09:33,3,0,24133.8,-1.0,-1.0,-1.0,12.8,-1.0,-1.0,-1.0
2025-01-20 15:10:03,3,2,25199.7,-1.0,-1.0,-1.0,18.8,-1.0,-1.0,-1.0
2025-01-20 15:10:33,4,0,26967.1,-1.0,-1.0,-1.0,14.4,-1.0,-1.0,-1.0
2025-01-20 15:11:03,5,1,28765.5,-1.0,-1.0,-1.0,20.0,-1.0,-1.0,-1.0
2025-01-20 15:11:33,3,1,26554.8,-1.0,-1.0,-1.0,11.5,-1.0,-1.0,-1.0
2025-01-20 15:12:03,4,2,24998.9,-1.0,-1.0,-1.0,33.1,-1.0,-1.0,-1.0
2025-01-20 15:12:33,8,0,24819.3,-1.0,-1.0,-1.0,13.6,-1.0,-1.0,-1.0
2025-01-20 15:13:03,3,1,26256.6,-1.0,-1.0,-1.0,11.6,-1.0,-1.0,-1.0
2025-01-20 15:13:33,4,0,26281.4,-1.0,-1.0,-1.0,12.2,-1.0,-1.0,-1.0
2025-01-20 15:14:03,1,2,26314.7,-1.0,-1.0,-1.0,16.5,-1.0,-1.0,-1.0
2025-01-20 15:14:33,2,2,24755.3,-1.0,-1.0,-1.0,13.4,-1.0,-1.0,-1.0
2025-01-20 15:15:03,3,2,24300.1,-1.0,-1.0,-1.0,15.1,-1.0,-1.0,-1.0
2025-01-20 15:15:34,5,0,26950.3,-1.0,-1.0,-1.0,12.5,-1.0,-1.0,-1.0
2025-01-20 15:16:04,5,0,28500.0,-1.0,-1.0,-1.0,21.9,-1.0,-1.0,-1.0
2025-01-20 15:16:34,6,1,25009.7,-1.0,-1.0,-1.0,12.5,-1.0,-1.0,-1.0
2025-01-20 15:17:04,1,2,25118.7,-1.0,-1.0,-1.0,30.5,-1.0,-1.0,-1.0
2025-01-20 15:17:34,5,1,26626.6,-1.0,-1.0,-1.0,11.0,-1.0,-1.0,-1.0
2025-01-20 15:18:04,3,1,26619.8,-1.0,-1.0,-1.0,13.8,-1.0,-1.0,-1.0
2025-01-20 15:18:34,3,2,26684.5,-1.0,-1.0,-1.0,15.5,-1.0,-1.0,-1.0
2025-01-20 15:19:04,6,1,24493.8,-1.0,-1.0,-1.0,13.8,-1.0,-1.0,-1.0
2025-01-20 15:19:34,7,0,28261.8,-1.0,-1.0,-1.0,14.5,-1.0,-1.0,-1.0
2025-01-20 15:20:04,2,3,30417.7,-1.0,-1.0,-1.0,19.0,-1.0,-1.0,-1.0
2025-01-20 15:20:33,3,2,29986.6,-1.0,-1.0,-1.0,15.5,-1.0,-1.0,-1.0
2025-01-20 15:21:03,5,1,28170.5,-1.0,-1.0,-1.0,19.8,-1.0,-1.0,-1.0
2025-01-20 15:21:33,6,1,25238.6,-1.0,-1.0,-1.0,12.6,-1.0,-1.0,-1.0
2025-01-20 15:22:03,6,0,25167.6,-1.0,-1.0,-1.0,35.2,-1.0,-1.0,-1.0
2025-01-20 15:22:33,5,0,24837.3,-1.0,-1.0,-1.0,12.7,-1.0,-1.0,-1.0
2025-01-20 15:23:03,3,2,24684.7,-1.0,-1.0,-1.0,13.2,-1.0,-1.0,-1.0
2025-01-20 15:23:33,3,2,26174.0,-1.0,-1.0,-1.0,13.0,-1.0,-1.0,-1.0
2025-01-20 15:24:03,8,0,27121.0,-1.0,-1.0,-1.0,16.9,-1.0,-1.0,-1.0
2025-01-20 15:24:33,3,1,26631.5,-1.0,-1.0,-1.0,14.5,-1.0,-1.0,-1.0
2025-01-20 15:25:03,1,2,25007.5,-1.0,-1.0,-1.0,15.3,-1.0,-1.0,-1.0
2025-01-20 15:25:33,6,0,27033.4,-1.0,-1.0,-1.0,13.9,-1.0,-1.0,-1.0
2025-01-20 15:26:03,6,2,29431.7,-1.0,-1.0,-1.0,19.9,-1.0,-1.0,-1.0
2025-01-20 15:26:33,4,0,26769.0,-1.0,-1.0,-1.0,12.0,-1.0,-1.0,-1.0
2025-01-20 15:27:03,2,2,27196.5,-1.0,-1.0,-1.0,31.3,-1.0,-1.0,-1.0
2025-01-20 15:27:33,8,2,27674.9,-1.0,-1.0,-1.0,10.5,-1.0,-1.0,-1.0
2025-01-20 15:28:03,2,2,24625.6,-1.0,-1.0,-1.0,15.1,-1.0,-1.0,-1.0
2025-01-20 15:28:33,2,3,25992.0,-1.0,-1.0,-1.0,11.3,-1.0,-1.0,-1.0
2025-01-20 15:29:03,4,1,23616.9,-1.0,-1.0,-1.0,14.3,-1.0,-1.0,-1.0
2025-01-20 15:29:33,3,1,25640.0,-1.0,-1.0,-1.0,15.8,-1.0,-1.0,-1.0
2025-01-20 15:30:03,3,1,27959.9,-1.0,-1.0,-1.0,18.6,-1.0,-1.0,-1.0
2025-01-20 15:30:33,2,1,27566.2,-1.0,-1.0,-1.0,13.8,-1.0,-1.0,-1.0
2025-01-20 15:31:03,2,2,30225.6,-1.0,-1.0,-1.0,21.2,-1.0,-1.0,-1.0
2025-01-20 15:31:33,5,2,25167.7,-1.0,-1.0,-1.0,11.2,-1.0,-1.0,-1.0
2025-01-20 15:32:03,7,1,25920.2,-1.0,-1.0,-1.0,36.0,-1.0,-1.0,-1.0
2025-01-20 15:32:33,5,1,27703.0,-1.0,-1.0,-1.0,13.1,-1.0,-1.0,-1.0
2025-01-20 15:33:03,5,1,28959.4,-1.0,-1.0,-1.0,14.7,-1.0,-1.0,-1.0
2025-01-20 15:33:33,2,1,28009.5,-1.0,-1.0,-1.0,12.4,-1.0,-1.0,-1.0
2025-01-20 15:34:03,6,1,24114.2,-1.0,-1.0,-1.0,14.8,-1.0,-1.0,-1.0
2025-01-20 15:34:33,1,2,24655.2,-1.0,-1.0,-1.0,16.0,-1.0,-1.0,-1.0
2025-01-20 15:35:03,5,1,25391.6,-1.0,-1.0,-1.0,15.0,-1.0,-1.0,-1.0
2025-01-20 15:35:33,3,0,27645.5,-1.0,-1.0,-1.0,13.1,-1.0,-1.0,-1.0
2025-01-20 15:36:03,4,1,28893.5,-1.0,-1.0,-1.0,21.4,-1.0,-1.0,-1.0
2025-01-20 15:36:33,3,1,27749.3,-1.0,-1.0,-1.0,13.3,-1.0,-1.0,-1.0
2025-01-20 15:37:03,5,1,26504.8,-1.0,-1.0,-1.0,31.5,-1.0,-1.0,-1.0
2025-01-20 15:37:33,4,1,25612.8,-1.0,-1.0,-1.0,11.9,-1.0,-1.0,-1.0
2025-01-20 15:38:03,4,1,25556.7,-1.0,-1.0,-1.0,14.8,-1.0,-1.0,-1.0
2025-01-20 15:38:33,3,2,24934.7,-1.0,-1.0,-1.0,14.2,-1.0,-1.0,-1.0
2025-01-20 15:39:03,4,0,24206.7,-1.0,-1.0,-1.0,12.6,-1.0,-1.0,-1.0
2025-01-20 15:39:33,5,1,24639.1,-1.0,-1.0,-1.0,14.2,-1.0,-1.0,-1.0
2025-01-20 15:40:03,5,0,23835.8,-1.0,-1.0,-1.0,16.8,-1.0,-1.0,-1.0
2025-01-20 15:40:33,3,0,23563.5,-1.0,-1.0,-1.0,11.6,-1.0,-1.0,-1.0
2025-01-20 15:41:03,3,1,24762.2,-1.0,-1.0,-1.0,19.7,-1.0,-1.0,-1.0
2025-01-20 15:41:33,3,1,25497.4,-1.0,-1.0,-1.0,10.9,-1.0,-1.0,-1.0
2025-01-20 15:42:03,2,1,28856.2,-1.0,-1.0,-1.0,35.6,-1.0,-1.0,-1.0
2025-01-20 15:42:33,3,1,27132.8,-1.0,-1.0,-1.0,12.0,-1.0,-1.0,-1.0
2025-01-20 15:43:03,2,2,25656.4,-1.0,-1.0,-1.0,11.6,-1.0,-1.0,-1.0
2025-01-20 15:43:33,3,2,23833.4,-1.0,-1.0,-1.0,11.3,-1.0,-1.0,-1.0
2025-01-20 15:44:03,4,1,24465.2,-1.0,-1.0,-1.0,14.6,-1.0,-1.0,-1.0
2025-01-20 15:44:33,5,1,24344.8,-1.0,-1.0,-1.0,14.6,-1.0,-1.0,-1.0
2025-01-20 15:45:03,1,2,25337.1,-1.0,-1.0,-1.0,14.1,-1.0,-1.0,-1.0
2025-01-20 15:45:33,8,2,28470.5,-1.0,-1.0,-1.0,13.3,-1.0,-1.0,-1.0
2025-01-20 15:46:03,3,0,25679.2,-1.0,-1.0,-1.0,21.4,-1.0,-1.0,-1.0
2025-01-20 15:46:33,5,1,26606.0,-1.0,-1.0,-1.0,12.3,-1.0,-1.0,-1.0
2025-01-20 15:47:03,5,0,25609.4,-1.0,-1.0,-1.0,30.3,-1.0,-1.0,-1.0
2025-01-20 15:47:33,4,2,25475.5,-1.0,-1.0,-1.0,12.1,-1.0,-1.0,-1.0
2025-01-20 15:48:03,4,1,24791.3,-1.0,-1.0,-1.0,13.7,-1.0,-1.0,-1.0
2025-01-20 15:48:33,4,1,24109.5,-1.0,-1.0,-1.0,12.6,-1.0,-1.0,-1.0
2025-01-20 15:49:03,2,1,24122.8,-1.0,-1.0,-1.0,16.1,-1.0,-1.0,-1.0
2025-01-20 15:49:33,3,2,24338.8,-1.0,-1.0,-1.0,12.9,-1.0,-1.0,-1.0
2025-01-20 15:50:03,4,3,25191.8,-1.0,-1.0,-1.0,18.0,-1.0,-1.0,-1.0
2025-01-20 15:50:33,6,1,27487.9,-1.0,-1.0,-1.0,16.0,-1.0,-1.0,-1.0
2025-01-20 15:51:03,5,1,27500.0,-1.0,-1.0,-1.0,17.6,-1.0,-1.0,-1.0
2025-01-20 15:51:33,6,1,25396.7,-1.0,-1.0,-1.0,13.3,-1.0,-1.0,-1.0
2025-01-20 15:52:04,3,0,25204.4,-1.0,-1.0,-1.0,33.9,-1.0,-1.0,-1.0
2025-01-20 15:52:34,1,1,24045.7,-1.0,-1.0,-1.0,13.1,-1.0,-1.0,-1.0
2025-01-20 15:53:04,3,1,23049.5,-1.0,-1.0,-1.0,12.9,-1.0,-1.0,-1.0
2025-01-20 15:53:34,3,1,19486.7,-1.0,-1.0,-1.0,11.4,-1.0,-1.0,-1.0
2025-01-20 15:54:04,3,0,18986.1,-1.0,-1.0,-1.0,15.8,-1.0,-1.0,-1.0
2025-01-20 15:54:34,2,1,19561.5,-1.0,-1.0,-1.0,14.0,-1.0,-1.0,-1.0
2025-01-20 15:55:04,2,1,19705.7,-1.0,-1.0,-1.0,15.4,-1.0,-1.0,-1.0
2025-01-20 15:55:34,4,1,21155.1,-1.0,-1.0,-1.0,11.1,-1.0,-1.0,-1.0
2025-01-20 15:56:04,3,1,21568.6,-1.0,-1.0,-1.0,20.7,-1.0,-1.0,-1.0
2025-01-20 15:56:34,4,1,20224.5,-1.0,-1.0,-1.0,14.0,-1.0,-1.0,-1.0
2025-01-20 15:57:04,5,0,20951.6,-1.0,-1.0,-1.0,30.7,-1.0,-1.0,-1.0
2025-01-20 15:57:33,3,1,20476.8,-1.0,-1.0,-1.0,12.8,-1.0,-1.0,-1.0
2025-01-20 15:58:03,2,1,20017.3,-1.0,-1.0,-1.0,16.5,-1.0,-1.0,-1.0
2025-01-20 15:58:33,1,1,19696.7,-1.0,-1.0,-1.0,14.5,-1.0,-1.0,-1.0
2025-01-20 15:59:03,2,1,20933.7,-1.0,-1.0,-1.0,12.6,-1.0,-1.0,-1.0
2025-01-20 15:59:33,2,0,21996.9,-1.0,-1.0,-1.0,15.6,-1.0,-1.0,-1.0
2025-01-20 16:00:03,4,1,22927.6,-1.0,-1.0,-1.0,23.3,-1.0,-1.0,-1.0
2025-01-20 16:00:33,1,2,25543.9,-1.0,-1.0,-1.0,14.7,-1.0,-1.0,-1.0
2025-01-20 16:01:03,4,1,26715.5,-1.0,-1.0,-1.0,21.9,-1.0,-1.0,-1.0
2025-01-20 16:01:33,1,1,21741.6,-1.0,-1.0,-1.0,12.1,-1.0,-1.0,-1.0
2025-01-20 16:02:03,2,1,22408.9,-1.0,-1.0,-1.0,36.1,-1.0,-1.0,-1.0
2025-01-20 16:02:33,1,1,20109.8,-1.0,-1.0,-1.0,13.2,-1.0,-1.0,-1.0
2025-01-20 16:03:03,1,1,19595.0,-1.0,-1.0,-1.0,13.5,-1.0,-1.0,-1.0
2025-01-20 16:03:33,4,1,19946.2,-1.0,-1.0,-1.0,11.1,-1.0,-1.0,-1.0
2025-01-20 16:04:03,3,0,19157.9,-1.0,-1.0,-1.0,16.3,-1.0,-1.0,-1.0
2025-01-20 16:04:33,1,1,19315.6,-1.0,-1.0,-1.0,13.8,-1.0,-1.0,-1.0
2025-01-20 16:05:03,3,2,20584.6,-1.0,-1.0,-1.0,14.9,-1.0,-1.0,-1.0
2025-01-20 16:05:33,3,1,21644.6,-1.0,-1.0,-1.0,13.2,-1.0,-1.0,-1.0
2025-01-20 16:06:03,2,1,24491.7,-1.0,-1.0,-1.0,20.8,-1.0,-1.0,-1.0
2025-01-20 16:06:33,1,1,20937.2,-1.0,-1.0,-1.0,14.0,-1.0,-1.0,-1.0
2025-01-20 16:07:03,4,2,21418.3,-1.0,-1.0,-1.0,33.5,-1.0,-1.0,-1.0
2025-01-20 16:07:33,5,1,21590.5,-1.0,-1.0,-1.0,11.4,-1.0,-1.0,-1.0
2025-01-20 16:08:03,2,1,27553.3,-1.0,-1.0,-1.0,17.2,-1.0,-1.0,-1.0
2025-01-20 16:08:33,5,1,26270.5,-1.0,-1.0,-1.0,15.1,-1.0,-1.0,-1.0
2025-01-20 16:09:03,3,1,21433.0,-1.0,-1.0,-1.0,14.1,-1.0,-1.0,-1.0
2025-01-20 16:09:33,3,1,20200.5,-1.0,-1.0,-1.0,12.6,-1.0,-1.0,-1.0
2025-01-20 16:10:03,3,2,20978.1,-1.0,-1.0,-1.0,20.5,-1.0,-1.0,-1.0
2025-01-20 16:10:33,8,0,22952.0,-1.0,-1.0,-1.0,14.4,-1.0,-1.0,-1.0
2025-01-20 16:11:03,2,1,33290.3,-1.0,-1.0,-1.0,19.6,-1.0,-1.0,-1.0
2025-01-20 16:11:33,7,1,20790.8,-1.0,-1.0,-1.0,10.2,-1.0,-1.0,-1.0
2025-01-20 16:12:03,4,1,22196.5,-1.0,-1.0,-1.0,36.2,-1.0,-1.0,-1.0
2025-01-20 16:12:33,2,2,23582.2,-1.0,-1.0,-1.0,11.9,-1.0,-1.0,-1.0
2025-01-20 16:13:03,5,0,21208.5,-1.0,-1.0,-1.0,14.6,-1.0,-1.0,-1.0
2025-01-20 16:13:33,1,1,21855.1,-1.0,-1.0,-1.0,11.5,-1.0,-1.0,-1.0
2025-01-20 16:14:03,4,0,20100.9,-1.0,-1.0,-1.0,16.2,-1.0,-1.0,-1.0
2025-01-20 16:14:33,3,1,20990.3,-1.0,-1.0,-1.0,14.1,-1.0,-1.0,-1.0
2025-01-20 16:15:03,3,1,23627.1,-1.0,-1.0,-1.0,16.1,-1.0,-1.0,-1.0
2025-01-20 16:15:33,3,1,22918.7,-1.0,-1.0,-1.0,13.3,-1.0,-1.0,-1.0
2025-01-20 16:16:03,3,1,20841.0,-1.0,-1.0,-1.0,23.3,-1.0,-1.0,-1.0
2025-01-20 16:16:33,4,2,22497.2,-1.0,-1.0,-1.0,12.4,-1.0,-1.0,-1.0
2025-01-20 16:17:03,1,1,20237.4,-1.0,-1.0,-1.0,31.3,-1.0,-1.0,-1.0
2025-01-20 16:17:33,1,1,20182.1,-1.0,-1.0,-1.0,13.0,-1.0,-1.0,-1.0
2025-01-20 16:18:03,4,1,19442.5,-1.0,-1.0,-1.0,13.9,-1.0,-1.0,-1.0
2025-01-20 16:18:33,2,2,27411.3,-1.0,-1.0,-1.0,13.9,-1.0,-1.0,-1.0
2025-01-20 16:19:03,2,1,33247.3,-1.0,-1.0,-1.0,13.8,-1.0,-1.0,-1.0
2025-01-20 16:19:33,2,1,21809.1,-1.0,-1.0,-1.0,12.7,-1.0,-1.0,-1.0
2025-01-20 16:20:03,2,1,23968.4,-1.0,-1.0,-1.0,18.0,-1.0,-1.0,-1.0
2025-01-20 16:20:33,2,1,19675.4,-1.0,-1.0,-1.0,13.9,-1.0,-1.0,-1.0
2025-01-20 16:21:03,4,1,19764.2,-1.0,-1.0,-1.0,18.2,-1.0,-1.0,-1.0
2025-01-20 16:21:33,3,2,28162.2,-1.0,-1.0,-1.0,11.3,-1.0,-1.0,-1.0
2025-01-20 16:22:03,4,0,25050.1,-1.0,-1.0,-1.0,34.8,-1.0,-1.0,-1.0
2025-01-20 16:22:33,3,1,25569.0,-1.0,-1.0,-1.0,12.2,-1.0,-1.0,-1.0
2025-01-20 16:23:03,5,1,22111.0,-1.0,-1.0,-1.0,12.5,-1.0,-1.0,-1.0
2025-01-20 16:23:33,4,1,23349.1,-1.0,-1.0,-1.0,12.1,-1.0,-1.0,-1.0
2025-01-20 16:24:03,5,0,22858.9,-1.0,-1.0,-1.0,16.7,-1.0,-1.0,-1.0
2025-01-20 16:24:33,5,1,23302.6,-1.0,-1.0,-1.0,15.0,-1.0,-1.0,-1.0
2025-01-20 16:25:03,4,1,23503.6,-1.0,-1.0,-1.0,14.4,-1.0,-1.0,-1.0
2025-01-20 16:25:33,7,1,28214.2,-1.0,-1.0,-1.0,13.5,-1.0,-1.0,-1.0
2025-01-20 16:26:03,4,0,27221.3,-1.0,-1.0,-1.0,21.2,-1.0,-1.0,-1.0
2025-01-20 16:26:33,6,1,23617.7,-1.0,-1.0,-1.0,12.5,-1.0,-1.0,-1.0
2025-01-20 16:27:03,7,0,22191.2,-1.0,-1.0,-1.0,31.7,-1.0,-1.0,-1.0
2025-01-20 16:27:33,5,1,20102.8,-1.0,-1.0,-1.0,11.0,-1.0,-1.0,-1.0
2025-01-20 16:28:03,4,2,20626.3,-1.0,-1.0,-1.0,17.2,-1.0,-1.0,-1.0
2025-01-20 16:28:34,3,2,24697.1,-1.0,-1.0,-1.0,12.1,-1.0,-1.0,-1.0
2025-01-20 16:29:04,4,1,21554.5,-1.0,-1.0,-1.0,13.9,-1.0,-1.0,-1.0
2025-01-20 16:29:34,3,1,19723.4,-1.0,-1.0,-1.0,12.8,-1.0,-1.0,-1.0
2025-01-20 16:30:04,5,1,24088.3,-1.0,-1.0,-1.0,18.1,-1.0,-1.0,-1.0
2025-01-20 16:30:34,3,0,26514.5,-1.0,-1.0,-1.0,15.6,-1.0,-1.0,-1.0
2025-01-20 16:31:04,3,1,27292.2,-1.0,-1.0,-1.0,19.8,-1.0,-1.0,-1.0
2025-01-20 16:31:34,8,0,22868.1,-1.0,-1.0,-1.0,11.5,-1.0,-1.0,-1.0
2025-01-20 16:32:04,3,1,22971.9,-1.0,-1.0,-1.0,32.9,-1.0,-1.0,-1.0
2025-01-20 16:32:34,2,1,20929.1,-1.0,-1.0,-1.0,12.9,-1.0,-1.0,-1.0
2025-01-20 16:33:04,1,1,21332.2,-1.0,-1.0,-1.0,12.9,-1.0,-1.0,-1.0
2025-01-20 16:33:34,5,0,19933.7,-1.0,-1.0,-1.0,10.1,-1.0,-1.0,-1.0
2025-01-20 16:34:04,4,1,19619.6,-1.0,-1.0,-1.0,15.7,-1.0,-1.0,-1.0
2025-01-20 16:34:33,1,1,19898.7,-1.0,-1.0,-1.0,13.1,-1.0,-1.0,-1.0
2025-01-20 16:35:03,3,1,20572.5,-1.0,-1.0,-1.0,16.3,-1.0,-1.0,-1.0
2025-01-20 16:35:33,6,1,23101.0,-1.0,-1.0,-1.0,12.0,-1.0,-1.0,-1.0
2025-01-20 16:36:03,3,1,26938.9,-1.0,-1.0,-1.0,21.6,-1.0,-1.0,-1.0
2025-01-20 16:36:33,3,1,25871.1,-1.0,-1.0,-1.0,12.7,-1.0,-1.0,-1.0
2025-01-20 16:37:03,3,0,23766.7,-1.0,-1.0,-1.0,32.6,-1.0,-1.0,-1.0
2025-01-20 16:37:33,3,1,20628.1,-1.0,-1.0,-1.0,15.3,-1.0,-1.0,-1.0
2025-01-20 16:38:03,2,0,19914.6,-1.0,-1.0,-1.0,14.4,-1.0,-1.0,-1.0
2025-01-20 16:38:33,1,1,19395.9,-1.0,-1.0,-1.0,13.4,-1.0,-1.0,-1.0
2025-01-20 16:39:03,2,1,19227.3,-1.0,-1.0,-1.0,12.6,-1.0,-1.0,-1.0
2025-01-20 16:39:33,1,1,20276.6,-1.0,-1.0,-1.0,11.6,-1.0,-1.0,-1.0
2025-01-20 16:40:03,4,0,19696.1,-1.0,-1.0,-1.0,20.8,-1.0,-1.0,-1.0
2025-01-20 16:40:33,3,1,20814.2,-1.0,-1.0,-1.0,13.0,-1.0,-1.0,-1.0
2025-01-20 16:41:03,5,0,19754.0,-1.0,-1.0,-1.0,18.0,-1.0,-1.0,-1.0
2025-01-20 16:41:33,5,0,20244.1,-1.0,-1.0,-1.0,12.3,-1.0,-1.0,-1.0
2025-01-20 16:42:03,1,1,22212.0,-1.0,-1.0,-1.0,33.7,-1.0,-1.0,-1.0
2025-01-20 16:42:33,3,0,22496.3,-1.0,-1.0,-1.0,11.2,-1.0,-1.0,-1.0
2025-01-20 16:43:03,3,1,23460.2,-1.0,-1.0,-1.0,11.6,-1.0,-1.0,-1.0
2025-01-20 16:43:33,1,1,23604.1,-1.0,-1.0,-1.0,10.8,-1.0,-1.0,-1.0
2025-01-20 16:44:03,1,1,20219.6,-1.0,-1.0,-1.0,16.5,-1.0,-1.0,-1.0
2025-01-20 16:44:33,2,2,22601.3,-1.0,-1.0,-1.0,13.4,-1.0,-1.0,-1.0
2025-01-20 16:45:03,1,2,22461.3,-1.0,-1.0,-1.0,15.4,-1.0,-1.0,-1.0
2025-01-20 16:45:33,2,1,24208.8,-1.0,-1.0,-1.0,15.1,-1.0,-1.0,-1.0
2025-01-20 16:46:03,4,1,25308.3,-1.0,-1.0,-1.0,22.9,-1.0,-1.0,-1.0
2025-01-20 16:46:33,2,1,19634.4,-1.0,-1.0,-1.0,12.9,-1.0,-1.0,-1.0
2025-01-20 16:47:03,3,1,20540.0,-1.0,-1.0,-1.0,32.0,-1.0,-1.0,-1.0
2025-01-20 16:47:33,3,1,20262.6,-1.0,-1.0,-1.0,11.6,-1.0,-1.0,-1.0
2025-01-20 16:48:03,6,2,20063.8,-1.0,-1.0,-1.0,15.3,-1.0,-1.0,-1.0
2025-01-20 16:48:33,3,2,22152.8,-1.0,-1.0,-1.0,11.7,-1.0,-1.0,-1.0
2025-01-20 16:49:03,5,1,21622.2,-1.0,-1.0,-1.0,12.4,-1.0,-1.0,-1.0
2025-01-20 16:49:33,2,1,22208.0,-1.0,-1.0,-1.0,15.9,-1.0,-1.0,-1.0
2025-01-20 16:50:03,3,0,20695.4,-1.0,-1.0,-1.0,18.4,-1.0,-1.0,-1.0
2025-01-20 16:50:33,2,1,21688.7,-1.0,-1.0,-1.0,15.3,-1.0,-1.0,-1.0
2025-01-20 16:51:03,3,1,25895.1,-1.0,-1.0,-1.0,18.7,-1.0,-1.0,-1.0
2025-01-20 16:51:33,4,0,24534.7,-1.0,-1.0,-1.0,9.9,-1.0,-1.0,-1.0
2025-01-20 16:52:03,3,1,24506.6,-1.0,-1.0,-1.0,36.3,-1.0,-1.0,-1.0
2025-01-20 16:52:33,2,1,20268.6,-1.0,-1.0,-1.0,11.2,-1.0,-1.0,-1.0
2025-01-20 16:53:03,5,1,20415.8,-1.0,-1.0,-1.0,13.4,-1.0,-1.0,-1.0
2025-01-20 16:53:33,3,0,19701.0,-1.0,-1.0,-1.0,12.7,-1.0,-1.0,-1.0
2025-01-20 16:54:03,3,0,22694.4,-1.0,-1.0,-1.0,16.8,-1.0,-1.0,-1.0
2025-01-20 16:54:33,1,1,23463.1,-1.0,-1.0,-1.0,12.9,-1.0,-1.0,-1.0
2025-01-20 16:55:03,2,1,22987.9,-1.0,-1.0,-1.0,16.0,-1.0,-1.0,-1.0
2025-01-20 16:55:33,4,1,22708.5,-1.0,-1.0,-1.0,10.9,-1.0,-1.0,-1.0
2025-01-20 16:56:03,1,1,22959.7,-1.0,-1.0,-1.0,21.1,-1.0,-1.0,-1.0
2025-01-20 16:56:33,4,1,22541.3,-1.0,-1.0,-1.0,13.0,-1.0,-1.0,-1.0
2025-01-20 16:57:03,1,1,20336.3,-1.0,-1.0,-1.0,32.7,-1.0,-1.0,-1.0
2025-01-20 16:57:33,3,0,20804.7,-1.0,-1.0,-1.0,12.4,-1.0,-1.0,-1.0
2025-01-20 16:58:03,2,1,19620.9,-1.0,-1.0,-1.0,16.2,-1.0,-1.0,-1.0
2025-01-20 16:58:33,3,1,19101.0,-1.0,-1.0,-1.0,13.7,-1.0,-1.0,-1.0
2025-01-20 16:59:03,5,0,19056.1,-1.0,-1.0,-1.0,12.6,-1.0,-1.0,-1.0
2025-01-20 16:59:33,1,1,19664.0,-1.0,-1.0,-1.0,12.2,-1.0,-1.0,-1.0
2025-01-20 17:00:03,2,2,19941.8,-1.0,-1.0,-1.0,17.4,-1.0,-1.0,-1.0
2025-01-20 17:00:33,2,1,28667.5,-1.0,-1.0,-1.0,14.6,-1.0,-1.0,-1.0
2025-01-20 17:01:03,2,1,23377.5,-1.0,-1.0,-1.0,20.3,-1.0,-1.0,-1.0
2025-01-20 17:01:33,5,0,20829.6,-1.0,-1.0,-1.0,11.5,-1.0,-1.0,-1.0
2025-01-20 17:02:03,3,1,24076.2,-1.0,-1.0,-1.0,33.4,-1.0,-1.0,-1.0
2025-01-20 17:02:33,4,0,21808.1,-1.0,-1.0,-1.0,11.7,-1.0,-1.0,-1.0
2025-01-20 17:03:03,5,0,21903.1,-1.0,-1.0,-1.0,11.9,-1.0,-1.0,-1.0
2025-01-20 17:03:33,4,0,20183.5,-1.0,-1.0,-1.0,12.5,-1.0,-1.0,-1.0
2025-01-20 17:04:03,4,1,19642.9,-1.0,-1.0,-1.0,15.4,-1.0,-1.0,-1.0
2025-01-20 17:04:34,1,1,24544.2,-1.0,-1.0,-1.0,11.8,-1.0,-1.0,-1.0
2025-01-20 17:05:04,4,0,23284.4,-1.0,-1.0,-1.0,15.2,-1.0,-1.0,-1.0
2025-01-20 17:05:34,5,1,26264.0,-1.0,-1.0,-1.0,11.5,-1.0,-1.0,-1.0
2025-01-20 17:06:04,4,1,27315.5,-1.0,-1.0,-1.0,23.0,-1.0,-1.0,-1.0
2025-01-20 17:06:34,3,1,22599.3,-1.0,-1.0,-1.0,12.7,-1.0,-1.0,-1.0
2025-01-20 17:07:04,2,1,24326.0,-1.0,-1.0,-1.0,31.9,-1.0,-1.0,-1.0
2025-01-20 17:07:34,1,1,24392.0,-1.0,-1.0,-1.0,9.7,-1.0,-1.0,-1.0
2025-01-20 17:08:04,2,1,22911.2,-1.0,-1.0,-1.0,15.0,-1.0,-1.0,-1.0
2025-01-20 17:08:34,3,1,23186.3,-1.0,-1.0,-1.0,13.3,-1.0,-1.0,-1.0
2025-01-20 17:09:04,3,1,20150.6,-1.0,-1.0,-1.0,12.2,-1.0,-1.0,-1.0
2025-01-20 17:09:34,3,0,20142.5,-1.0,-1.0,-1.0,12.2,-1.0,-1.0,-1.0
2025-01-20 17:10:04,2,1,19852.7,-1.0,-1.0,-1.0,18.1,-1.0,-1.0,-1.0
2025-01-20 17:10:34,4,0,23877.7,-1.0,-1.0,-1.0,12.2,-1.0,-1.0,-1.0
2025-01-20 17:11:04,4,0,28844.5,-1.0,-1.0,-1.0,17.7,-1.0,-1.0,-1.0
2025-01-20 17:11:33,4,1,24028.8,-1.0,-1.0,-1.0,11.5,-1.0,-1.0,-1.0
2025-01-20 17:12:03,2,0,20114.2,-1.0,-1.0,-1.0,34.7,-1.0,-1.0,-1.0
2025-01-20 17:12:33,1,1,21837.3,-1.0,-1.0,-1.0,12.3,-1.0,-1.0,-1.0
2025-01-20 17:13:03,2,0,19395.7,-1.0,-1.0,-1.0,11.6,-1.0,-1.0,-1.0
2025-01-20 17:13:33,1,1,19531.9,-1.0,-1.0,-1.0,11.9,-1.0,-1.0,-1.0
2025-01-20 17:14:03,2,0,19204.1,-1.0,-1.0,-1.0,15.5,-1.0,-1.0,-1.0
2025-01-20 17:14:33,2,0,19009.4,-1.0,-1.0,-1.0,14.9,-1.0,-1.0,-1.0
2025-01-20 17:15:03,4,2,20021.2,-1.0,-1.0,-1.0,15.3,-1.0,-1.0,-1.0
2025-01-20 17:15:33,1,1,23926.1,-1.0,-1.0,-1.0,12.5,-1.0,-1.0,-1.0
2025-01-20 17:16:03,4,1,25406.7,-1.0,-1.0,-1.0,24.9,-1.0,-1.0,-1.0
2025-01-20 17:16:33,3,1,20754.3,-1.0,-1.0,-1.0,9.8,-1.0,-1.0,-1.0
2025-01-20 17:17:03,2,1,21257.2,-1.0,-1.0,-1.0,30.8,-1.0,-1.0,-1.0
2025-01-20 17:17:33,3,1,22741.9,-1.0,-1.0,-1.0,10.9,-1.0,-1.0,-1.0
2025-01-20 17:18:03,3,1,23194.4,-1.0,-1.0,-1.0,16.2,-1.0,-1.0,-1.0
2025-01-20 17:18:33,4,1,23086.1,-1.0,-1.0,-1.0,12.9,-1.0,-1.0,-1.0
2025-01-20 17:19:03,1,1,22569.3,-1.0,-1.0,-1.0,12.8,-1.0,-1.0,-1.0
2025-01-20 17:19:33,4,1,21429.2,-1.0,-1.0,-1.0,11.1,-1.0,-1.0,-1.0
2025-01-20 17:20:03,1,1,20882.4,-1.0,-1.0,-1.0,19.1,-1.0,-1.0,-1.0
2025-01-20 17:20:33,4,2,23110.5,-1.0,-1.0,-1.0,12.0,-1.0,-1.0,-1.0
2025-01-20 17:21:03,5,1,25370.4,-1.0,-1.0,-1.0,18.1,-1.0,-1.0,-1.0
2025-01-20 17:21:33,4,1,21613.3,-1.0,-1.0,-1.0,12.4,-1.0,-1.0,-1.0
2025-01-20 17:22:03,3,1,20524.0,-1.0,-1.0,-1.0,33.4,-1.0,-1.0,-1.0
2025-01-20 17:22:33,4,1,19574.0,-1.0,-1.0,-1.0,10.9,-1.0,-1.0,-1.0
2025-01-20 17:23:03,1,1,19700.4,-1.0,-1.0,-1.0,13.7,-1.0,-1.0,-1.0
2025-01-20 17:23:33,3,1,18661.9,-1.0,-1.0,-1.0,11.4,-1.0,-1.0,-1.0
2025-01-20 17:24:03,5,0,21707.8,-1.0,-1.0,-1.0,17.0,-1.0,-1.0,-1.0
2025-01-20 17:24:33,2,1,24097.5,-1.0,-1.0,-1.0,12.3,-1.0,-1.0,-1.0
2025-01-20 17:25:03,3,2,20669.4,-1.0,-1.0,-1.0,16.6,-1.0,-1.0,-1.0
2025-01-20 17:25:33,1,1,23436.6,-1.0,-1.0,-1.0,12.0,-1.0,-1.0,-1.0
2025-01-20 17:26:03,6,0,22200.8,-1.0,-1.0,-1.0,20.7,-1.0,-1.0,-1.0
2025-01-20 17:26:33,2,1,19784.7,-1.0,-1.0,-1.0,11.0,-1.0,-1.0,-1.0
2025-01-20 17:27:03,2,1,20505.0,-1.0,-1.0,-1.0,32.2,-1.0,-1.0,-1.0
2025-01-20 17:27:33,2,0,20416.6,-1.0,-1.0,-1.0,10.8,-1.0,-1.0,-1.0
2025-01-20 17:28:03,2,1,19044.8,-1.0,-1.0,-1.0,15.1,-1.0,-1.0,-1.0
2025-01-20 17:28:33,2,1,20823.0,-1.0,-1.0,-1.0,10.7,-1.0,-1.0,-1.0
2025-01-20 17:29:03,3,1,17897.8,-1.0,-1.0,-1.0,12.7,-1.0,-1.0,-1.0
2025-01-20 17:29:33,2,1,18195.5,-1.0,-1.0,-1.0,13.9,-1.0,-1.0,-1.0
2025-01-20 17:30:03,3,1,19824.0,-1.0,-1.0,-1.0,17.9,-1.0,-1.0,-1.0
2025-01-20 17:30:33,3,1,24451.3,-1.0,-1.0,-1.0,15.0,-1.0,-1.0,-1.0
2025-01-20 17:31:03,1,1,27874.2,-1.0,-1.0,-1.0,19.7,-1.0,-1.0,-1.0
2025-01-20 17:31:33,2,0,22075.2,-1.0,-1.0,-1.0,10.7,-1.0,-1.0,-1.0
2025-01-20 17:32:03,3,1,19733.6,-1.0,-1.0,-1.0,34.6,-1.0,-1.0,-1.0
2025-01-20 17:32:33,2,1,18807.7,-1.0,-1.0,-1.0,11.1,-1.0,-1.0,-1.0
2025-01-20 17:33:03,2,1,19401.6,-1.0,-1.0,-1.0,13.0,-1.0,-1.0,-1.0
2025-01-20 17:33:33,2,1,18611.7,-1.0,-1.0,-1.0,11.4,-1.0,-1.0,-1.0
2025-01-20 17:34:03,1,1,18479.5,-1.0,-1.0,-1.0,15.2,-1.0,-1.0,-1.0
2025-01-20 17:34:33,3,1,18521.7,-1.0,-1.0,-1.0,12.8,-1.0,-1.0,-1.0
2025-01-20 17:35:03,4,1,18539.8,-1.0,-1.0,-1.0,15.7,-1.0,-1.0,-1.0
2025-01-20 17:35:33,3,1,20542.0,-1.0,-1.0,-1.0,11.5,-1.0,-1.0,-1.0
2025-01-20 17:36:03,2,1,24749.3,-1.0,-1.0,-1.0,22.7,-1.0,-1.0,-1.0
2025-01-20 17:36:33,3,1,22095.1,-1.0,-1.0,-1.0,13.8,-1.0,-1.0,-1.0
2025-01-20 17:37:03,2,1,25044.3,-1.0,-1.0,-1.0,30.5,-1.0,-1.0,-1.0
2025-01-20 17:37:33,3,0,25237.8,-1.0,-1.0,-1.0,9.8,-1.0,-1.0,-1.0
2025-01-20 17:38:03,5,1,20267.1,-1.0,-1.0,-1.0,14.0,-1.0,-1.0,-1.0
2025-01-20 17:38:33,2,1,18460.7,-1.0,-1.0,-1.0,12.1,-1.0,-1.0,-1.0
2025-01-20 17:39:03,2,1,17702.8,-1.0,-1.0,-1.0,12.5,-1.0,-1.0,-1.0
2025-01-20 17:39:33,3,0,17817.1,-1.0,-1.0,-1.0,11.2,-1.0,-1.0,-1.0
2025-01-20 17:40:03,2,1,18453.1,-1.0,-1.0,-1.0,18.6,-1.0,-1.0,-1.0
2025-01-20 17:40:34,2,1,20711.7,-1.0,-1.0,-1.0,11.7,-1.0,-1.0,-1.0
2025-01-20 17:41:04,4,0,19918.7,-1.0,-1.0,-1.0,18.4,-1.0,-1.0,-1.0
2025-01-20 17:41:34,4,1,20174.7,-1.0,-1.0,-1.0,11.5,-1.0,-1.0,-1.0
2025-01-20 17:42:04,1,1,19916.2,-1.0,-1.0,-1.0,34.1,-1.0,-1.0,-1.0
2025-01-20 17:42:34,3,1,21530.0,-1.0,-1.0,-1.0,10.8,-1.0,-1.0,-1.0
2025-01-20 17:43:04,3,0,22116.1,-1.0,-1.0,-1.0,12.4,-1.0,-1.0,-1.0
2025-01-20 17:43:34,2,1,21038.8,-1.0,-1.0,-1.0,10.7,-1.0,-1.0,-1.0
2025-01-20 17:44:04,1,1,17764.8,-1.0,-1.0,-1.0,15.7,-1.0,-1.0,-1.0
2025-01-20 17:44:34,2,1,17868.1,-1.0,-1.0,-1.0,13.3,-1.0,-1.0,-1.0
2025-01-20 17:45:04,3,2,19204.1,-1.0,-1.0,-1.0,15.9,-1.0,-1.0,-1.0
2025-01-20 17:45:34,2,1,20773.8,-1.0,-1.0,-1.0,12.0,-1.0,-1.0,-1.0
2025-01-20 17:46:04,3,0,20576.2,-1.0,-1.0,-1.0,21.9,-1.0,-1.0,-1.0
2025-01-20 17:46:34,3,1,19295.6,-1.0,-1.0,-1.0,11.2,-1.0,-1.0,-1.0
2025-01-20 17:47:04,3,0,19698.5,-1.0,-1.0,-1.0,30.0,-1.0,-1.0,-1.0
2025-01-20 17:47:34,2,0,19529.5,-1.0,-1.0,-1.0,10.4,-1.0,-1.0,-1.0
2025-01-20 17:48:04,3,2,19417.3,-1.0,-1.0,-1.0,15.3,-1.0,-1.0,-1.0
2025-01-20 17:48:33,3,0,20342.3,-1.0,-1.0,-1.0,12.3,-1.0,-1.0,-1.0
2025-01-20 17:49:03,3,0,17928.1,-1.0,-1.0,-1.0,12.2,-1.0,-1.0,-1.0
2025-01-20 17:49:33,2,1,18742.9,-1.0,-1.0,-1.0,12.0,-1.0,-1.0,-1.0
2025-01-20 17:50:03,2,2,18750.6,-1.0,-1.0,-1.0,17.5,-1.0,-1.0,-1.0
2025-01-20 17:50:33,4,0,19913.3,-1.0,-1.0,-1.0,14.2,-1.0,-1.0,-1.0
2025-01-20 17:51:03,2,0,21220.5,-1.0,-1.0,-1.0,18.8,-1.0,-1.0,-1.0
2025-01-20 17:51:33,3,1,20206.5,-1.0,-1.0,-1.0,9.3,-1.0,-1.0,-1.0
2025-01-20 17:52:03,1,1,18142.3,-1.0,-1.0,-1.0,33.7,-1.0,-1.0,-1.0
2025-01-20 17:52:33,2,0,17419.2,-1.0,-1.0,-1.0,9.5,-1.0,-1.0,-1.0
2025-01-20 17:53:03,3,0,18080.9,-1.0,-1.0,-1.0,11.9,-1.0,-1.0,-1.0
2025-01-20 17:53:33,3,0,18421.4,-1.0,-1.0,-1.0,10.2,-1.0,-1.0,-1.0
2025-01-20 17:54:03,4,0,17769.8,-1.0,-1.0,-1.0,14.7,-1.0,-1.0,-1.0
2025-01-20 17:54:33,3,0,17771.6,-1.0,-1.0,-1.0,12.1,-1.0,-1.0,-1.0
2025-01-20 17:55:03,3,1,19115.2,-1.0,-1.0,-1.0,14.2,-1.0,-1.0,-1.0
2025-01-20 17:55:33,2,1,20705.4,-1.0,-1.0,-1.0,10.9,-1.0,-1.0,-1.0
2025-01-20 17:56:03,2,0,19489.6,-1.0,-1.0,-1.0,20.5,-1.0,-1.0,-1.0
2025-01-20 17:56:33,2,1,18265.9,-1.0,-1.0,-1.0,10.9,-1.0,-1.0,-1.0
2025-01-20 17:57:03,1,1,18406.2,-1.0,-1.0,-1.0,30.7,-1.0,-1.0,-1.0
2025-01-20 17:57:33,2,1,18490.2,-1.0,-1.0,-1.0,9.9,-1.0,-1.0,-1.0
2025-01-20 17:58:03,3,1,17845.8,-1.0,-1.0,-1.0,14.6,-1.0,-1.0,-1.0
2025-01-20 17:58:33,2,0,17483.4,-1.0,-1.0,-1.0,11.5,-1.0,-1.0,-1.0
2025-01-20 17:59:03,2,0,17595.9,-1.0,-1.0,-1.0,12.3,-1.0,-1.0,-1.0
2025-01-20 17:59:33,3,1,18584.1,-1.0,-1.0,-1.0,10.9,-1.0,-1.0,-1.0
2025-01-20 18:00:03,4,1,18905.7,-1.0,-1.0,-1.0,17.3,-1.0,-1.0,-1.0
2025-01-20 18:00:33,1,1,24884.3,-1.0,-1.0,-1.0,14.4,-1.0,-1.0,-1.0
2025-01-20 18:01:03,3,1,22761.5,-1.0,-1.0,-1.0,19.7,-1.0,-1.0,-1.0
2025-01-20 18:01:33,2,0,22135.8,-1.0,-1.0,-1.0,11.3,-1.0,-1.0,-1.0
2025-01-20 18:02:03,4,1,21096.6,-1.0,-1.0,-1.0,32.9,-1.0,-1.0,-1.0
2025-01-20 18:02:33,3,1,20428.6,-1.0,-1.0,-1.0,11.2,-1.0,-1.0,-1.0
2025-01-20 18:03:03,4,1,19242.1,-1.0,-1.0,-1.0,11.4,-1.0,-1.0,-1.0
2025-01-20 18:03:33,1,1,18800.1,-1.0,-1.0,-1.0,11.2,-1.0,-1.0,-1.0
2025-01-20 18:04:03,4,0,17686.6,-1.0,-1.0,-1.0,16.9,-1.0,-1.0,-1.0
2025-01-20 18:04:33,1,1,17443.5,-1.0,-1.0,-1.0,11.3,-1.0,-1.0,-1.0
2025-01-20 18:05:03,1,2,18851.2,-1.0,-1.0,-1.0,13.8,-1.0,-1.0,-1.0
2025-01-20 18:05:33,3,1,19770.4,-1.0,-1.0,-1.0,11.6,-1.0,-1.0,-1.0
2025-01-20 18:06:03,1,1,22073.2,-1.0,-1.0,-1.0,20.1,-1.0,-1.0,-1.0
2025-01-20 18:06:33,4,0,18890.2,-1.0,-1.0,-1.0,11.0,-1.0,-1.0,-1.0
2025-01-20 18:07:03,4,1,18484.6,-1.0,-1.0,-1.0,30.4,-1.0,-1.0,-1.0
2025-01-20 18:07:33,2,0,18310.0,-1.0,-1.0,-1.0,10.2,-1.0,-1.0,-1.0
2025-01-20 18:08:03,3,0,18230.1,-1.0,-1.0,-1.0,13.6,-1.0,-1.0,-1.0
2025-01-20 18:08:33,3,0,17616.2,-1.0,-1.0,-1.0,11.8,-1.0,-1.0,-1.0
2025-01-20 18:09:03,2,0,17687.1,-1.0,-1.0,-1.0,13.3,-1.0,-1.0,-1.0
2025-01-20 18:09:33,2,1,18168.7,-1.0,-1.0,-1.0,11.6,-1.0,-1.0,-1.0
2025-01-20 18:10:03,2,0,17747.7,-1.0,-1.0,-1.0,17.3,-1.0,-1.0,-1.0
2025-01-20 18:10:33,4,0,19671.5,-1.0,-1.0,-1.0,11.8,-1.0,-1.0,-1.0
2025-01-20 18:11:03,3,1,24660.0,-1.0,-1.0,-1.0,17.8,-1.0,-1.0,-1.0
2025-01-20 18:11:33,3,1,19492.1,-1.0,-1.0,-1.0,11.3,-1.0,-1.0,-1.0
2025-01-20 18:12:03,3,0,19405.2,-1.0,-1.0,-1.0,33.1,-1.0,-1.0,-1.0
2025-01-20 18:12:33,3,0,21978.3,-1.0,-1.0,-1.0,11.5,-1.0,-1.0,-1.0
2025-01-20 18:13:03,1,1,20221.6,-1.0,-1.0,-1.0,12.4,-1.0,-1.0,-1.0
2025-01-20 18:13:33,2,0,20010.5,-1.0,-1.0,-1.0,12.3,-1.0,-1.0,-1.0
2025-01-20 18:14:03,2,0,18899.9,-1.0,-1.0,-1.0,16.1,-1.0,-1.0,-1.0
2025-01-20 18:14:33,3,0,18745.5,-1.0,-1.0,-1.0,14.0,-1.0,-1.0,-1.0
2025-01-20 18:15:03,3,0,18018.2,-1.0,-1.0,-1.0,15.1,-1.0,-1.0,-1.0
2025-01-20 18:15:33,2,1,19829.2,-1.0,-1.0,-1.0,12.0,-1.0,-1.0,-1.0
2025-01-20 18:16:03,3,1,20710.3,-1.0,-1.0,-1.0,21.6,-1.0,-1.0,-1.0
2025-01-20 18:16:34,3,1,23593.5,-1.0,-1.0,-1.0,10.4,-1.0,-1.0,-1.0
2025-01-20 18:17:04,3,1,21432.4,-1.0,-1.0,-1.0,30.7,-1.0,-1.0,-1.0
2025-01-20 18:17:34,3,1,21738.1,-1.0,-1.0,-1.0,11.0,-1.0,-1.0,-1.0
2025-01-20 18:18:04,4,1,20488.4,-1.0,-1.0,-1.0,14.3,-1.0,-1.0,-1.0
2025-01-20 18:18:34,3,0,19147.1,-1.0,-1.0,-1.0,11.4,-1.0,-1.0,-1.0
2025-01-20 18:19:04,3,0,19677.1,-1.0,-1.0,-1.0,12.1,-1.0,-1.0,-1.0
2025-01-20 18:19:34,3,1,20734.1,-1.0,-1.0,-1.0,11.6,-1.0,-1.0,-1.0
2025-01-20 18:20:04,2,0,20139.8,-1.0,-1.0,-1.0,17.1,-1.0,-1.0,-1.0
2025-01-20 18:20:34,5,0,20456.0,-1.0,-1.0,-1.0,12.0,-1.0,-1.0,-1.0
2025-01-20 18:21:04,1,1,21868.3,-1.0,-1.0,-1.0,18.1,-1.0,-1.0,-1.0
2025-01-20 18:21:34,5,1,18582.5,-1.0,-1.0,-1.0,10.5,-1.0,-1.0,-1.0
2025-01-20 18:22:04,4,1,18453.8,-1.0,-1.0,-1.0,33.1,-1.0,-1.0,-1.0
2025-01-20 18:22:34,3,1,17624.5,-1.0,-1.0,-1.0,11.9,-1.0,-1.0,-1.0
2025-01-20 18:23:04,2,1,22640.8,-1.0,-1.0,-1.0,11.3,-1.0,-1.0,-1.0
2025-01-20 18:23:34,2,1,22426.7,-1.0,-1.0,-1.0,10.8,-1.0,-1.0,-1.0
2025-01-20 18:24:04,2,1,17973.7,-1.0,-1.0,-1.0,16.0,-1.0,-1.0,-1.0
2025-01-20 18:24:34,1,1,22960.7,-1.0,-1.0,-1.0,13.3,-1.0,-1.0,-1.0
2025-01-20 18:25:04,2,1,21208.3,-1.0,-1.0,-1.0,14.0,-1.0,-1.0,-1.0
2025-01-20 18:25:33,1,1,21923.7,-1.0,-1.0,-1.0,11.8,-1.0,-1.0,-1.0
2025-01-20 18:26:03,1,1,24349.5,-1.0,-1.0,-1.0,21.8,-1.0,-1.0,-1.0
2025-01-20 18:26:33,1,1,17891.8,-1.0,-1.0,-1.0,11.5,-1.0,-1.0,-1.0
2025-01-20 18:27:03,1,1,18655.0,-1.0,-1.0,-1.0,31.0,-1.0,-1.0,-1.0
2025-01-20 18:27:33,1,1,17713.5,-1.0,-1.0,-1.0,11.2,-1.0,-1.0,-1.0
2025-01-20 18:28:03,1,1,17753.0,-1.0,-1.0,-1.0,15.4,-1.0,-1.0,-1.0
2025-01-20 18:28:33,3,1,19668.6,-1.0,-1.0,-1.0,11.2,-1.0,-1.0,-1.0
2025-01-20 18:29:03,3,0,17998.8,-1.0,-1.0,-1.0,12.6,-1.0,-1.0,-1.0
2025-01-20 18:29:33,4,1,19939.0,-1.0,-1.0,-1.0,12.8,-1.0,-1.0,-1.0
2025-01-20 18:30:03,4,2,20384.6,-1.0,-1.0,-1.0,17.5,-1.0,-1.0,-1.0
2025-01-20 18:30:33,2,1,22999.2,-1.0,-1.0,-1.0,14.9,-1.0,-1.0,-1.0
2025-01-20 18:31:03,2,1,23564.6,-1.0,-1.0,-1.0,18.1,-1.0,-1.0,-1.0
2025-01-20 18:31:33,2,1,19495.4,-1.0,-1.0,-1.0,10.0,-1.0,-1.0,-1.0
2025-01-20 18:32:03,1,1,19331.9,-1.0,-1.0,-1.0,34.0,-1.0,-1.0,-1.0
2025-01-20 18:32:33,3,1,18482.6,-1.0,-1.0,-1.0,11.9,-1.0,-1.0,-1.0
2025-01-20 18:33:03,2,0,18069.1,-1.0,-1.0,-1.0,12.4,-1.0,-1.0,-1.0
2025-01-20 18:33:33,2,1,16584.3,-1.0,-1.0,-1.0,10.3,-1.0,-1.0,-1.0
2025-01-20 18:34:03,2,0,17295.5,-1.0,-1.0,-1.0,15.4,-1.0,-1.0,-1.0
2025-01-20 18:34:33,1,1,17670.3,-1.0,-1.0,-1.0,13.3,-1.0,-1.0,-1.0
2025-01-20 18:35:03,4,0,18607.4,-1.0,-1.0,-1.0,14.8,-1.0,-1.0,-1.0
2025-01-20 18:35:33,4,1,22303.2,-1.0,-1.0,-1.0,12.3,-1.0,-1.0,-1.0
2025-01-20 18:36:03,2,1,20271.0,-1.0,-1.0,-1.0,21.1,-1.0,-1.0,-1.0
2025-01-20 18:36:33,1,1,19219.7,-1.0,-1.0,-1.0,12.8,-1.0,-1.0,-1.0
2025-01-20 18:37:03,4,1,19080.5,-1.0,-1.0,-1.0,31.6,-1.0,-1.0,-1.0
2025-01-20 18:37:33,2,1,18557.0,-1.0,-1.0,-1.0,9.5,-1.0,-1.0,-1.0
2025-01-20 18:38:03,2,1,18396.9,-1.0,-1.0,-1.0,13.8,-1.0,-1.0,-1.0
2025-01-20 18:38:33,1,1,18523.4,-1.0,-1.0,-1.0,13.1,-1.0,-1.0,-1.0
2025-01-20 18:39:03,3,1,17977.0,-1.0,-1.0,-1.0,12.8,-1.0,-1.0,-1.0
2025-01-20 18:39:33,3,1,18285.2,-1.0,-1.0,-1.0,11.6,-1.0,-1.0,-1.0
2025-01-20 18:40:03,3,0,17962.2,-1.0,-1.0,-1.0,18.7,-1.0,-1.0,-1.0
2025-01-20 18:40:33,2,0,19602.8,-1.0,-1.0,-1.0,13.7,-1.0,-1.0,-1.0
2025-01-20 18:41:03,2,1,22167.2,-1.0,-1.0,-1.0,18.9,-1.0,-1.0,-1.0
2025-01-20 18:41:33,2,1,17842.1,-1.0,-1.0,-1.0,10.0,-1.0,-1.0,-1.0
2025-01-20 18:42:03,1,1,18090.0,-1.0,-1.0,-1.0,33.4,-1.0,-1.0,-1.0
2025-01-20 18:42:33,2,0,22756.4,-1.0,-1.0,-1.0,12.7,-1.0,-1.0,-1.0
2025-01-20 18:43:03,3,1,25244.6,-1.0,-1.0,-1.0,11.5,-1.0,-1.0,-1.0
2025-01-20 18:43:33,2,1,22681.0,-1.0,-1.0,-1.0,11.5,-1.0,-1.0,-1.0
2025-01-20 18:44:03,1,1,19003.0,-1.0,-1.0,-1.0,14.4,-1.0,-1.0,-1.0
2025-01-20 18:44:33,1,1,19978.4,-1.0,-1.0,-1.0,14.1,-1.0,-1.0,-1.0
2025-01-20 18:45:03,2,2,19512.5,-1.0,-1.0,-1.0,15.0,-1.0,-1.0,-1.0
2025-01-20 18:45:33,1,1,21925.4,-1.0,-1.0,-1.0,13.5,-1.0,-1.0,-1.0
2025-01-20 18:46:03,3,0,19873.1,-1.0,-1.0,-1.0,20.5,-1.0,-1.0,-1.0
2025-01-20 18:46:33,3,1,19103.0,-1.0,-1.0,-1.0,11.9,-1.0,-1.0,-1.0
2025-01-20 18:47:03,5,0,19311.3,-1.0,-1.0,-1.0,30.7,-1.0,-1.0,-1.0
2025-01-20 18:47:33,4,0,19501.8,-1.0,-1.0,-1.0,11.1,-1.0,-1.0,-1.0
2025-01-20 18:48:03,2,0,19111.7,-1.0,-1.0,-1.0,14.6,-1.0,-1.0,-1.0
2025-01-20 18:48:33,2,1,20086.8,-1.0,-1.0,-1.0,12.0,-1.0,-1.0,-1.0
2025-01-20 18:49:03,4,0,22423.6,-1.0,-1.0,-1.0,12.5,-1.0,-1.0,-1.0
2025-01-20 18:49:33,1,1,24623.1,-1.0,-1.0,-1.0,12.5,-1.0,-1.0,-1.0
2025-01-20 18:50:03,1,1,22214.9,-1.0,-1.0,-1.0,17.6,-1.0,-1.0,-1.0
2025-01-20 18:50:33,3,1,23216.5,-1.0,-1.0,-1.0,12.7,-1.0,-1.0,-1.0
2025-01-20 18:51:04,1,1,19753.6,-1.0,-1.0,-1.0,18.1,-1.0,-1.0,-1.0
2025-01-20 18:51:34,5,0,18617.2,-1.0,-1.0,-1.0,10.9,-1.0,-1.0,-1.0
2025-01-20 18:52:04,2,0,18805.6,-1.0,-1.0,-1.0,33.2,-1.0,-1.0,-1.0
2025-01-20 18:52:34,2,0,20225.1,-1.0,-1.0,-1.0,10.6,-1.0,-1.0,-1.0
2025-01-20 18:53:04,1,2,18569.1,-1.0,-1.0,-1.0,11.0,-1.0,-1.0,-1.0
2025-01-20 18:53:34,4,0,17980.0,-1.0,-1.0,-1.0,11.3,-1.0,-1.0,-1.0
2025-01-20 18:54:04,2,1,17850.3,-1.0,-1.0,-1.0,14.9,-1.0,-1.0,-1.0
2025-01-20 18:54:34,1,1,18321.0,-1.0,-1.0,-1.0,12.5,-1.0,-1.0,-1.0
2025-01-20 18:55:04,3,1,20995.9,-1.0,-1.0,-1.0,15.2,-1.0,-1.0,-1.0
2025-01-20 18:55:34,3,2,23415.3,-1.0,-1.0,-1.0,12.9,-1.0,-1.0,-1.0
2025-01-20 18:56:04,5,1,25409.1,-1.0,-1.0,-1.0,21.4,-1.0,-1.0,-1.0
2025-01-20 18:56:34,3,1,23598.5,-1.0,-1.0,-1.0,12.2,-1.0,-1.0,-1.0
2025-01-20 18:57:04,2,1,20928.2,-1.0,-1.0,-1.0,30.4,-1.0,-1.0,-1.0
2025-01-20 18:57:34,5,0,19672.0,-1.0,-1.0,-1.0,12.1,-1.0,-1.0,-1.0
2025-01-20 18:58:04,1,1,19647.3,-1.0,-1.0,-1.0,15.9,-1.0,-1.0,-1.0
2025-01-20 18:58:34,2,1,18750.3,-1.0,-1.0,-1.0,13.0,-1.0,-1.0,-1.0
2025-01-20 18:59:04,2,1,18349.8,-1.0,-1.0,-1.0,13.4,-1.0,-1.0,-1.0
2025-01-20 18:59:33,3,1,18895.2,-1.0,-1.0,-1.0,13.0,-1.0,-1.0,-1.0
2025-01-20 19:00:03,4,0,18306.3,-1.0,-1.0,-1.0,18.0,-1.0,-1.0,-1.0
2025-01-20 19:00:33,1,1,18449.6,-1.0,-1.0,-1.0,15.0,-1.0,-1.0,-1.0
2025-01-20 19:01:03,2,1,20487.2,-1.0,-1.0,-1.0,19.6,-1.0,-1.0,-1.0
2025-01-20 19:01:33,1,1,19685.8,-1.0,-1.0,-1.0,10.0,-1.0,-1.0,-1.0
2025-01-20 19:02:03,2,0,19239.0,-1.0,-1.0,-1.0,33.3,-1.0,-1.0,-1.0
2025-01-20 19:02:33,1,2,20372.5,-1.0,-1.0,-1.0,12.4,-1.0,-1.0,-1.0
2025-01-20 19:03:03,1,1,18344.6,-1.0,-1.0,-1.0,11.6,-1.0,-1.0,-1.0
2025-01-20 19:03:33,3,1,18520.6,-1.0,-1.0,-1.0,10.8,-1.0,-1.0,-1.0
2025-01-20 19:04:03,1,1,17912.7,-1.0,-1.0,-1.0,15.1,-1.0,-1.0,-1.0
2025-01-20 19:04:33,2,1,20342.8,-1.0,-1.0,-1.0,12.0,-1.0,-1.0,-1.0
2025-01-20 19:05:03,3,0,18091.4,-1.0,-1.0,-1.0,16.1,-1.0,-1.0,-1.0
2025-01-20 19:05:33,4,2,19991.8,-1.0,-1.0,-1.0,12.2,-1.0,-1.0,-1.0
2025-01-20 19:06:03,1,1,22550.5,-1.0,-1.0,-1.0,21.2,-1.0,-1.0,-1.0
2025-01-20 19:06:33,3,0,18684.4,-1.0,-1.0,-1.0,12.9,-1.0,-1.0,-1.0
2025-01-20 19:07:03,2,0,20791.8,-1.0,-1.0,-1.0,30.5,-1.0,-1.0,-1.0
2025-01-20 19:07:33,1,1,21201.1,-1.0,-1.0,-1.0,10.5,-1.0,-1.0,-1.0
2025-01-20 19:08:03,3,0,20730.6,-1.0,-1.0,-1.0,14.0,-1.0,-1.0,-1.0
2025-01-20 19:08:33,2,0,21044.1,-1.0,-1.0,-1.0,12.3,-1.0,-1.0,-1.0
2025-01-20 19:09:03,3,0,23962.5,-1.0,-1.0,-1.0,11.9,-1.0,-1.0,-1.0
2025-01-20 19:09:33,3,0,22635.7,-1.0,-1.0,-1.0,11.8,-1.0,-1.0,-1.0
2025-01-20 19:10:03,3,1,18846.3,-1.0,-1.0,-1.0,17.4,-1.0,-1.0,-1.0
2025-01-20 19:10:33,3,0,20084.1,-1.0,-1.0,-1.0,12.0,-1.0,-1.0,-1.0
2025-01-20 19:11:03,4,0,20997.3,-1.0,-1.0,-1.0,17.4,-1.0,-1.0,-1.0
2025-01-20 19:11:33,2,0,19028.8,-1.0,-1.0,-1.0,10.8,-1.0,-1.0,-1.0
2025-01-20 19:12:03,2,1,19576.1,-1.0,-1.0,-1.0,34.3,-1.0,-1.0,-1.0
2025-01-20 19:12:33,2,1,19035.3,-1.0,-1.0,-1.0,11.7,-1.0,-1.0,-1.0
2025-01-20 19:13:03,3,0,20329.6,-1.0,-1.0,-1.0,11.6,-1.0,-1.0,-1.0
2025-01-20 19:13:33,3,0,19772.8,-1.0,-1.0,-1.0,11.5,-1.0,-1.0,-1.0
2025-01-20 19:14:03,4,1,18964.9,-1.0,-1.0,-1.0,14.9,-1.0,-1.0,-1.0
2025-01-20 19:14:33,1,1,19077.1,-1.0,-1.0,-1.0,13.4,-1.0,-1.0,-1.0
2025-01-20 19:15:03,5,1,19083.7,-1.0,-1.0,-1.0,14.8,-1.0,-1.0,-1.0
2025-01-20 19:15:33,5,1,19868.1,-1.0,-1.0,-1.0,10.9,-1.0,-1.0,-1.0
2025-01-20 19:16:03,2,1,22150.4,-1.0,-1.0,-1.0,21.2,-1.0,-1.0,-1.0
2025-01-20 19:16:33,4,0,19381.2,-1.0,-1.0,-1.0,9.9,-1.0,-1.0,-1.0
2025-01-20 19:17:03,3,1,20301.1,-1.0,-1.0,-1.0,77.7,-1.0,-1.0,-1.0
2025-01-20 19:17:33,1,1,18506.1,-1.0,-1.0,-1.0,10.5,-1.0,-1.0,-1.0
2025-01-20 19:18:03,2,1,17841.3,-1.0,-1.0,-1.0,14.2,-1.0,-1.0,-1.0
2025-01-20 19:18:33,3,0,18473.3,-1.0,-1.0,-1.0,12.1,-1.0,-1.0,-1.0
2025-01-20 19:19:03,2,0,20000.5,-1.0,-1.0,-1.0,13.6,-1.0,-1.0,-1.0
2025-01-20 19:19:33,2,1,20330.3,-1.0,-1.0,-1.0,12.5,-1.0,-1.0,-1.0
2025-01-20 19:20:03,1,2,20710.8,-1.0,-1.0,-1.0,16.8,-1.0,-1.0,-1.0
2025-01-20 19:20:33,4,1,25443.9,-1.0,-1.0,-1.0,14.1,-1.0,-1.0,-1.0
2025-01-20 19:21:03,1,1,24951.0,-1.0,-1.0,-1.0,17.6,-1.0,-1.0,-1.0
2025-01-20 19:21:33,4,1,20178.8,-1.0,-1.0,-1.0,11.2,-1.0,-1.0,-1.0
2025-01-20 19:22:03,1,1,19444.6,-1.0,-1.0,-1.0,32.8,-1.0,-1.0,-1.0
2025-01-20 19:22:33,3,1,18573.3,-1.0,-1.0,-1.0,12.2,-1.0,-1.0,-1.0
2025-01-20 19:23:03,2,1,19371.2,-1.0,-1.0,-1.0,11.4,-1.0,-1.0,-1.0
2025-01-20 19:23:33,1,2,17743.0,-1.0,-1.0,-1.0,10.3,-1.0,-1.0,-1.0
2025-01-20 19:24:04,2,1,18575.1,-1.0,-1.0,-1.0,16.3,-1.0,-1.0,-1.0
2025-01-20 19:24:34,2,1,20367.1,-1.0,-1.0,-1.0,13.4,-1.0,-1.0,-1.0
2025-01-20 19:25:04,3,1,19926.6,-1.0,-1.0,-1.0,14.3,-1.0,-1.0,-1.0
2025-01-20 19:25:34,2,1,22385.0,-1.0,-1.0,-1.0,11.6,-1.0,-1.0,-1.0
2025-01-20 19:26:04,3,0,22366.2,-1.0,-1.0,-1.0,19.7,-1.0,-1.0,-1.0
2025-01-20 19:26:34,3,1,21657.7,-1.0,-1.0,-1.0,13.0,-1.0,-1.0,-1.0
2025-01-20 19:27:04,3,1,20411.3,-1.0,-1.0,-1.0,29.7,-1.0,-1.0,-1.0
2025-01-20 19:27:34,3,0,19274.7,-1.0,-1.0,-1.0,10.5,-1.0,-1.0,-1.0
2025-01-20 19:28:04,3,0,18918.4,-1.0,-1.0,-1.0,15.9,-1.0,-1.0,-1.0
2025-01-20 19:28:34,2,1,17805.6,-1.0,-1.0,-1.0,11.3,-1.0,-1.0,-1.0
2025-01-20 19:29:04,2,1,18565.8,-1.0,-1.0,-1.0,12.0,-1.0,-1.0,-1.0
2025-01-20 19:29:34,1,1,19062.4,-1.0,-1.0,-1.0,13.1,-1.0,-1.0,-1.0
2025-01-20 19:30:04,3,1,17999.9,-1.0,-1.0,-1.0,16.8,-1.0,-1.0,-1.0
2025-01-20 19:30:34,1,1,18009.5,-1.0,-1.0,-1.0,15.5,-1.0,-1.0,-1.0
2025-01-20 19:31:04,3,1,19250.9,-1.0,-1.0,-1.0,17.6,-1.0,-1.0,-1.0
2025-01-20 19:31:34,3,1,18370.5,-1.0,-1.0,-1.0,11.2,-1.0,-1.0,-1.0
2025-01-20 19:32:04,2,0,18352.1,-1.0,-1.0,-1.0,32.2,-1.0,-1.0,-1.0
2025-01-20 19:32:33,3,2,17713.4,-1.0,-1.0,-1.0,12.0,-1.0,-1.0,-1.0
2025-01-20 19:33:03,1,1,18323.7,-1.0,-1.0,-1.0,11.4,-1.0,-1.0,-1.0
2025-01-20 19:33:33,3,2,18071.4,-1.0,-1.0,-1.0,11.6,-1.0,-1.0,-1.0
2025-01-20 19:34:03,3,0,17842.8,-1.0,-1.0,-1.0,14.8,-1.0,-1.0,-1.0
2025-01-20 19:34:33,2,1,18252.7,-1.0,-1.0,-1.0,13.6,-1.0,-1.0,-1.0
2025-01-20 19:35:03,2,2,18398.6,-1.0,-1.0,-1.0,14.2,-1.0,-1.0,-1.0
2025-01-20 19:35:33,5,0,21937.0,-1.0,-1.0,-1.0,12.1,-1.0,-1.0,-1.0
2025-01-20 19:36:03,4,1,20472.1,-1.0,-1.0,-1.0,20.1,-1.0,-1.0,-1.0
2025-01-20 19:36:33,7,0,19006.8,-1.0,-1.0,-1.0,10.7,-1.0,-1.0,-1.0
2025-01-20 19:37:03,2,1,20840.5,-1.0,-1.0,-1.0,30.4,-1.0,-1.0,-1.0
2025-01-20 19:37:33,2,1,21058.3,-1.0,-1.0,-1.0,9.9,-1.0,-1.0,-1.0
2025-01-20 19:38:03,2,1,20694.4,-1.0,-1.0,-1.0,13.8,-1.0,-1.0,-1.0
2025-01-20 19:38:33,3,1,18008.5,-1.0,-1.0,-1.0,12.2,-1.0,-1.0,-1.0
2025-01-20 19:39:03,2,1,17705.7,-1.0,-1.0,-1.0,11.6,-1.0,-1.0,-1.0
2025-01-20 19:39:33,2,1,18583.5,-1.0,-1.0,-1.0,12.0,-1.0,-1.0,-1.0
2025-01-20 19:40:03,2,2,20680.7,-1.0,-1.0,-1.0,19.0,-1.0,-1.0,-1.0
2025-01-20 19:40:33,1,1,22717.8,-1.0,-1.0,-1.0,11.6,-1.0,-1.0,-1.0
2025-01-20 19:41:03,3,1,18700.1,-1.0,-1.0,-1.0,17.3,-1.0,-1.0,-1.0
2025-01-20 19:41:33,3,0,21447.7,-1.0,-1.0,-1.0,11.3,-1.0,-1.0,-1.0
2025-01-20 19:42:03,2,1,22921.5,-1.0,-1.0,-1.0,34.8,-1.0,-1.0,-1.0
2025-01-20 19:42:33,2,1,19222.5,-1.0,-1.0,-1.0,11.0,-1.0,-1.0,-1.0
2025-01-20 19:43:03,3,1,21356.2,-1.0,-1.0,-1.0,12.5,-1.0,-1.0,-1.0
2025-01-20 19:43:33,3,0,22173.9,-1.0,-1.0,-1.0,10.9,-1.0,-1.0,-1.0
2025-01-20 19:44:03,3,1,20761.9,-1.0,-1.0,-1.0,14.8,-1.0,-1.0,-1.0
2025-01-20 19:44:33,2,2,20086.2,-1.0,-1.0,-1.0,12.6,-1.0,-1.0,-1.0
2025-01-20 19:45:03,2,1,18192.8,-1.0,-1.0,-1.0,14.3,-1.0,-1.0,-1.0
2025-01-20 19:45:33,1,1,19438.5,-1.0,-1.0,-1.0,11.6,-1.0,-1.0,-1.0
2025-01-20 19:46:03,4,1,19099.5,-1.0,-1.0,-1.0,20.8,-1.0,-1.0,-1.0
2025-01-20 19:46:33,2,1,17736.8,-1.0,-1.0,-1.0,10.7,-1.0,-1.0,-1.0
2025-01-20 19:47:03,3,1,18389.6,-1.0,-1.0,-1.0,30.7,-1.0,-1.0,-1.0
2025-01-20 19:47:33,2,1,18343.7,-1.0,-1.0,-1.0,9.4,-1.0,-1.0,-1.0
2025-01-20 19:48:03,2,0,19399.2,-1.0,-1.0,-1.0,14.1,-1.0,-1.0,-1.0
2025-01-20 19:48:33,3,0,20538.3,-1.0,-1.0,-1.0,12.1,-1.0,-1.0,-1.0
2025-01-20 19:49:03,1,2,22270.6,-1.0,-1.0,-1.0,11.8,-1.0,-1.0,-1.0
2025-01-20 19:49:33,3,0,22532.2,-1.0,-1.0,-1.0,10.9,-1.0,-1.0,-1.0
2025-01-20 19:50:03,1,1,20309.8,-1.0,-1.0,-1.0,17.5,-1.0,-1.0,-1.0
2025-01-20 19:50:33,2,0,17697.6,-1.0,-1.0,-1.0,11.6,-1.0,-1.0,-1.0
2025-01-20 19:51:03,2,1,19206.7,-1.0,-1.0,-1.0,17.8,-1.0,-1.0,-1.0
2025-01-20 19:51:33,3,0,18218.7,-1.0,-1.0,-1.0,10.7,-1.0,-1.0,-1.0
2025-01-20 19:52:03,2,0,18541.8,-1.0,-1.0,-1.0,33.9,-1.0,-1.0,-1.0
2025-01-20 19:52:33,1,1,17582.5,-1.0,-1.0,-1.0,10.8,-1.0,-1.0,-1.0
2025-01-20 19:53:03,1,1,18073.0,-1.0,-1.0,-1.0,11.7,-1.0,-1.0,-1.0
2025-01-20 19:53:33,1,0,16090.7,-1.0,-1.0,-1.0,12.1,-1.0,-1.0,-1.0
2025-01-20 19:54:03,2,0,12343.9,-1.0,-1.0,-1.0,14.7,-1.0,-1.0,-1.0
2025-01-20 19:54:33,2,0,14528.2,-1.0,-1.0,-1.0,13.3,-1.0,-1.0,-1.0
2025-01-20 19:55:03,3,1,20966.6,-1.0,-1.0,-1.0,15.7,-1.0,-1.0,-1.0
2025-01-20 19:55:34,6,0,22411.3,-1.0,-1.0,-1.0,12.3,-1.0,-1.0,-1.0
2025-01-20 19:56:04,2,1,20699.6,-1.0,-1.0,-1.0,20.5,-1.0,-1.0,-1.0
2025-01-20 19:56:34,4,0,16720.6,-1.0,-1.0,-1.0,12.6,-1.0,-1.0,-1.0
2025-01-20 19:57:04,2,0,13833.2,-1.0,-1.0,-1.0,30.2,-1.0,-1.0,-1.0
2025-01-20 19:57:34,4,1,14243.3,-1.0,-1.0,-1.0,10.9,-1.0,-1.0,-1.0
2025-01-20 19:58:04,2,0,13543.6,-1.0,-1.0,-1.0,14.2,-1.0,-1.0,-1.0
2025-01-20 19:58:34,1,0,12902.0,-1.0,-1.0,-1.0,11.5,-1.0,-1.0,-1.0
2025-01-20 19:59:04,3,0,12435.0,-1.0,-1.0,-1.0,12.1,-1.0,-1.0,-1.0
2025-01-20 19:59:34,4,0,13339.4,-1.0,-1.0,-1.0,11.5,-1.0,-1.0,-1.0
